,pid_from,pid_to
0,9601108,9302103
1,9403187,9302103
2,9406055,9302103
3,9406032,9302103
4,9812061,9302103
5,9906046,9302103
6,0002169,9302103
7,9608096,9302103
8,9811214,9302103
9,9901151,9302103
10,9412236,9302103
11,9611053,9302103
12,9309124,9302103
13,9506091,9302103
14,0109075,9302103
15,0204157,9302103
16,0206206,9302103
17,0210145,9302103
18,9406008,9302103
19,9510218,9302103
20,9512195,9302103
21,9601108,9308083
22,9403187,9308083
23,9406055,9308083
24,9503208,9308083
25,9812068,9308083
26,9406032,9308083
27,9812061,9308083
28,9510182,9308083
29,9412236,9308083
30,9903053,9308083
31,9512204,9308083
32,0006047,9308083
33,0007071,9308083
34,0010196,9308083
35,9605154,9308083
36,0101129,9308083
37,0102198,9308083
38,9506091,9308083
39,0209161,9308083
40,9412117,9308083
41,9406008,9308083
42,9510218,9308083
43,9609163,9308083
44,9601108,9308122
45,9609239,9308122
46,9403187,9308122
47,9406055,9308122
48,9706110,9308122
49,9812068,9308122
50,9812061,9308122
51,9411234,9308122
52,9906046,9308122
53,9901151,9308122
54,9412236,9308122
55,9611053,9308122
56,9903053,9308122
57,9512204,9308122
58,0007071,9308122
59,0010196,9308122
60,9511152,9308122
61,9605154,9308122
62,0102198,9308122
63,9506091,9308122
64,9412117,9308122
65,9406008,9308122
66,9507075,9308122
67,9510218,9308122
68,9609163,9308122
69,9612239,9308122
70,9601108,9309097
71,9711036,9309097
72,9403187,9309097
73,9406055,9309097
74,9706110,9309097
75,9503208,9309097
76,9406032,9309097
77,9811201,9309097
78,9412236,9309097
79,0002240,9309097
80,9801175,9309097
81,0102198,9309097
82,0104147,9309097
83,9506091,9309097
84,0112006,9309097
85,0209161,9309097
86,9406008,9309097
87,9507075,9309097
88,9612239,9309097
89,9601108,9311042
90,9706110,9311042
91,9906046,9311042
92,9412236,9311042
93,9605154,9311042
94,0012041,9311042
95,0102198,9311042
96,0104254,9311042
97,0109164,9311042
98,0209161,9311042
99,0209230,9311042
100,9601108,9404151
101,9802194,9404151
102,9806094,9404151
103,9706110,9404151
104,9912067,9404151
105,9406032,9404151
106,9810210,9404151
107,9510182,9404151
108,0010281,9404151
109,0106104,9404151
110,0112006,9404151
111,0302226,9404151
112,9601108,9406055
113,9812068,9406055
114,9812061,9406055
115,9411234,9406055
116,9903053,9406055
117,9512204,9406055
118,0007071,9406055
119,0010196,9406055
120,9511152,9406055
121,9605154,9406055
122,9506091,9406055
123,0109075,9406055
124,9510218,9406055
125,9609163,9406055
126,9601108,9412236
127,9609239,9412236
128,9706110,9412236
129,9503208,9412236
130,9611053,9412236
131,9911220,9412236
132,9512204,9412236
133,0102198,9412236
134,9506091,9412236
135,0209161,9412236
136,0212059,9412236
137,9811124,9412236
138,9601108,9506091
139,9603170,9506091
140,9511230,9506091
141,9511152,9506091
142,9605154,9506091
143,9510218,9506091
144,9612239,9506091
145,9603167,9406032
146,9503208,9406032
147,9412236,9406032
148,0102018,9406032
149,9506091,9406032
150,9603167,9509151
151,9609017,9509151
152,9905228,9509151
153,9511185,9509151
154,9805016,9509151
155,9609071,9601108
156,9609239,9601108
157,9706110,9601108
158,9603170,9601108
159,9611090,9601108
160,0002012,9601108
161,9606086,9601108
162,0006047,9601108
163,9605154,9601108
164,0102198,9601108
165,0106104,9601108
166,0109164,9601108
167,0209161,9601108
168,9609071,9605154
169,9706110,9605154
170,9606086,9605154
171,9612239,9605154
172,9609071,9606086
173,9609239,9606086
174,9701162,9606086
175,9706110,9606086
176,9611090,9606086
177,0002012,9606086
178,0002102,9606086
179,0209230,9606086
180,9609239,9609071
181,9701162,9609071
182,9706110,9609071
183,0002102,9609071
184,9801057,9609071
185,0211213,9609071
186,9701162,9611090
187,0002102,9611090
188,9912124,9611090
189,0009060,9611090
190,0011222,9611090
191,9711036,9606040
192,9806094,9606040
193,9907013,9606040
194,9911011,9606040
195,9903053,9606040
196,0003242,9606040
197,0005087,9606040
198,0006047,9606040
199,0007071,9606040
200,0010269,9606040
201,0101147,9606040
202,0102018,9606040
203,0102122,9606040
204,0103100,9606040
205,0106104,9606040
206,0107063,9606040
207,9809007,9606040
208,0112006,9606040
209,0203217,9606040
210,0209230,9606040
211,0211102,9606040
212,0302226,9606040
213,9711036,9701162
214,9802194,9701162
215,9806094,9701162
216,9706110,9701162
217,0002012,9701162
218,9812172,9701162
219,9903053,9701162
220,0008008,9701162
221,0101129,9701162
222,9801057,9701162
223,0208030,9701162
224,0303218,9701162
225,9802093,9701162
226,9802094,9701162
227,9711036,9709193
228,9811199,9709193
229,0002169,9709193
230,9811214,9709193
231,0006113,9709193
232,9803217,9709193
233,9901120,9709193
234,9905224,9709193
235,0008100,9709193
236,9907165,9709193
237,0101147,9709193
238,9804104,9709193
239,9712042,9510101
240,9804124,9510101
241,9805106,9510101
242,9912124,9510101
243,9804027,9510101
244,0005087,9510101
245,0006050,9510101
246,9803217,9510101
247,9901120,9510101
248,9905224,9510101
249,9804125,9510101
250,0009060,9510101
251,9610026,9510101
252,9603178,9510101
253,0011253,9510101
254,0101224,9510101
255,0211213,9510101
256,0211236,9510101
257,0303069,9510101
258,9802194,9609017
259,9907140,9609017
260,9810210,9609017
261,0002012,9609017
262,0002037,9609017
263,9912047,9609017
264,0002169,9609017
265,0005087,9609017
266,0006047,9609017
267,0006189,9609017
268,0010196,9609017
269,0011017,9609017
270,0102198,9609017
271,0104147,9609017
272,0105229,9609017
273,0109164,9609017
274,0110071,9609017
275,9802194,9801057
276,9806094,9801057
277,0101129,9801057
278,9802093,9801057
279,9802094,9801057
280,9802194,9802093
281,9806094,9802093
282,9806094,9510182
283,9609017,9510182
284,9812068,9510182
285,9903113,9510182
286,9812061,9510182
287,9810210,9510182
288,0002169,9510182
289,9608096,9510182
290,9709193,9510182
291,9907165,9510182
292,9810157,9510182
293,9608137,9510182
294,9612210,9510182
295,0203070,9510182
296,9806094,9802194
297,9909108,9409188
298,9503208,9409188
299,0009209,9409188
300,0105229,9409188
301,0106104,9409188
302,0112006,9409188
303,0206158,9409188
304,0209230,9409188
305,0211102,9409188
306,9909108,9907189
307,0002012,9907189
308,0002023,9907189
309,0002027,9907189
310,0008038,9907189
311,0009209,9907189
312,0011220,9907189
313,0102018,9907189
314,0106194,9907189
315,0108043,9907189
316,0108085,9907189
317,0110071,9907189
318,0111151,9907189
319,0204199,9907189
320,0205233,9907189
321,0206101,9907189
322,0206158,9907189
323,0209210,9907189
324,0302099,9907189
325,9909120,9212115
326,9909120,9511169
327,0011220,9511169
328,9909120,9810157
329,9810210,9810157
330,9909120,9909108
331,0105229,9909108
332,0205233,9909108
333,0209230,9909108
334,0212195,9909108
335,9611092,9506135
336,9805026,9506135
337,9509105,9506135
338,0011109,9506135
339,0111230,9506135
340,0202067,9506135
341,9611092,9509105
342,9805026,9509105
343,0003190,9509105
344,0111230,9509105
345,0207177,9509105
346,9707069,9509105
347,9901099,9604128
348,9810087,9604128
349,9912290,9604128
350,9607174,9604128
351,9609128,9604128
352,9610128,9604128
353,9612011,9604128
354,9612013,9604128
355,9803091,9604128
356,0005279,9604128
357,9612012,9604128
358,0010059,9604128
359,0012189,9604128
360,0202110,9604128
361,0303162,9604128
362,9612010,9604128
363,9805025,9604128
364,9811173,9604128
365,9901099,9607174
366,9810087,9607174
367,9912093,9607174
368,9912290,9607174
369,9609128,9607174
370,9610128,9607174
371,9612011,9607174
372,9612013,9607174
373,9803091,9607174
374,9612012,9607174
375,0012189,9607174
376,0303056,9607174
377,9612010,9607174
378,9805025,9607174
379,9806174,9607174
380,9811173,9607174
381,9901099,9609128
382,9904044,9609128
383,9810087,9609128
384,9912290,9609128
385,9610128,9609128
386,9612011,9609128
387,9612013,9609128
388,9803091,9609128
389,9904206,9609128
390,0005279,9609128
391,9612012,9609128
392,0010059,9609128
393,0012189,9609128
394,0202110,9609128
395,9612010,9609128
396,9805025,9609128
397,9806174,9609128
398,9811173,9609128
399,9901099,9612010
400,9810087,9612010
401,9612011,9612010
402,9612013,9612010
403,9803091,9612010
404,9612012,9612010
405,9805025,9612010
406,9806174,9612010
407,9811173,9612010
408,9901099,9612011
409,9810087,9612011
410,9612013,9612011
411,9803091,9612011
412,9612012,9612011
413,9612010,9612011
414,9805025,9612011
415,9811173,9612011
416,9901099,9612012
417,9912290,9612012
418,9612011,9612012
419,9612013,9612012
420,9803091,9612012
421,0005279,9612012
422,0010059,9612012
423,0202110,9612012
424,9612010,9612012
425,9901099,9806174
426,9810087,9806174
427,9811173,9806174
428,9901099,9808042
429,9904044,9808042
430,9912092,9808042
431,0001202,9808042
432,9810022,9808042
433,9810087,9808042
434,9909126,9808042
435,9912093,9808042
436,9912290,9808042
437,0003006,9808042
438,0003188,9808042
439,9810080,9808042
440,9904206,9808042
441,0005279,9808042
442,0010059,9808042
443,0011161,9808042
444,0012146,9808042
445,0105259,9808042
446,0109077,9808042
447,0201157,9808042
448,0202110,9808042
449,9901099,9810022
450,9904044,9810022
451,9912092,9810022
452,0001202,9810022
453,9810087,9810022
454,9912093,9810022
455,9912290,9810022
456,0003006,9810022
457,0005279,9810022
458,0010059,9810022
459,0012146,9810022
460,0109077,9810022
461,0202110,9810022
462,9901099,9810087
463,9904044,9810087
464,9912092,9810087
465,0001202,9810087
466,9912093,9810087
467,9912290,9810087
468,0003006,9810087
469,0005279,9810087
470,0010059,9810087
471,0012146,9810087
472,0105259,9810087
473,0202110,9810087
474,9811173,9810087
475,9910243,9805093
476,9811233,9805093
477,9809017,9805093
478,9702190,9604044
479,9607099,9604044
480,9701107,9604044
481,9910102,9604044
482,9910226,9604044
483,0005027,9604044
484,9812247,9604044
485,9906114,9604044
486,9903176,9604044
487,0104002,9604044
488,0105177,9604044
489,0107193,9604044
490,0201108,9604044
491,9804108,9604044
492,9607031,9604044
493,9702190,9611238
494,9709034,9611238
495,0005027,9611238
496,0005158,9611238
497,9703190,9611238
498,0005161,9611238
499,0102079,9611238
500,9707091,9611238
501,9704213,9611238
502,0104220,9611238
503,0203085,9611238
504,0206093,9611238
505,0209037,9611238
506,0304190,9611238
507,9911110,9811203
508,0303149,9811203
509,9905215,9610193
510,9905079,9610193
511,9906198,9610193
512,9902141,9610193
513,0010168,9610193
514,0012176,9610193
515,0106102,9610193
516,9706146,9610193
517,9905215,9905127
518,9906198,9905127
519,0001019,9908149
520,0001019,9912223
521,0002239,9912223
522,0108053,9912223
523,9908149,9906228
524,0002239,9906228
525,0206143,9906228
526,9912223,9809199
527,0002239,9809199
528,9505186,9411102
529,0002169,9411102
530,9709193,9411102
531,9811214,9411102
532,0003214,9411102
533,9709135,9411102
534,9701128,9411102
535,9502110,9411102
536,0005262,9411102
537,9503201,9411102
538,9504010,9411102
539,9508162,9411102
540,9709203,9411102
541,9812055,9411102
542,0006113,9411102
543,0008100,9411102
544,9907165,9411102
545,9501075,9411102
546,9910209,9411102
547,9709192,9411102
548,0101147,9411102
549,9507140,9411102
550,9804104,9411102
551,9511037,9411102
552,9603169,9411102
553,9702054,9411102
554,0107079,9411102
555,9506002,9411102
556,0210192,9411102
557,9412025,9411102
558,9503036,9411102
559,9612084,9510144
560,9602085,9510144
561,0010107,9510144
562,0304039,9510144
563,9612082,9510144
564,9612084,9602085
565,0010107,9602085
566,9907160,9602085
567,9612082,9602085
568,9612084,9609139
569,9706031,9405107
570,9906225,9405107
571,0012066,9405107
572,9411033,9405107
573,9411115,9405107
574,0302120,9405107
575,9701079,9405107
576,9706031,9412059
577,9705211,9412059
578,9508047,9412059
579,9412099,9412059
580,9909007,9612182
581,9705138,9612182
582,9707118,9612182
583,0010055,9612182
584,9804112,9612182
585,0202135,9612182
586,9403187,9304034
587,9406008,9304034
588,9406055,9304045
589,9511152,9304045
590,9405086,9304045
591,9406055,9402119
592,9412236,9402119
593,9903053,9402119
594,9406008,9402119
595,9811124,9402119
596,9406055,9403187
597,9406032,9403187
598,9906046,9403187
599,9512204,9403187
600,0007071,9403187
601,0010196,9403187
602,0101129,9403187
603,0102198,9403187
604,9506091,9403187
605,9412117,9403187
606,9406008,9403187
607,9510218,9403187
608,9609163,9403187
609,9609017,9603167
610,9908082,9603167
611,9907140,9603167
612,0002037,9603167
613,9912047,9603167
614,9812172,9603167
615,9811201,9603167
616,9804027,9603167
617,9904153,9603167
618,0005087,9603167
619,0006189,9603167
620,0009209,9603167
621,9801175,9603167
622,9805132,9603167
623,0103114,9603167
624,0105229,9603167
625,0202074,9603167
626,0209230,9603167
627,0212059,9603167
628,0303256,9603167
629,9612009,9505027
630,9710176,9505027
631,9712139,9505027
632,9807155,9505027
633,9905057,9505027
634,9907119,9505027
635,0105286,9505027
636,9609205,9505027
637,9908051,9505027
638,9612009,9505186
639,9812061,9505186
640,0002027,9505186
641,9709193,9505186
642,9701128,9505186
643,0005262,9505186
644,9508162,9505186
645,9709203,9505186
646,9812055,9505186
647,9509151,9505186
648,9709192,9505186
649,9507140,9505186
650,9702054,9505186
651,9905005,9903059
652,0210123,9903059
653,0210124,9903059
654,0001048,9703083
655,9705006,9703083
656,0210121,9703083
657,0001048,9705006
658,9809019,9705006
659,0202059,9705006
660,0210121,9705006
661,0001048,9707128
662,9809019,9707128
663,0202059,9707128
664,0001048,9809019
665,0202059,9809019
666,0210121,9809019
667,9706110,9603170
668,0002102,9603170
669,9805190,9603170
670,0002240,9603170
671,9610154,9603170
672,0007115,9603170
673,9605154,9603170
674,0303218,9603170
675,9706110,9609239
676,9804124,9609239
677,9611090,9609239
678,9906046,9609239
679,9903053,9609239
680,0109164,9609239
681,0206164,9609239
682,0209230,9609239
683,9812068,9411234
684,9812061,9411234
685,9510182,9411234
686,0007071,9411234
687,0001067,9701091
688,0001094,9701091
689,9808062,9701091
690,9903130,9701091
691,9905149,9701091
692,9905229,9701091
693,0007150,9701091
694,0011126,9701091
695,0101190,9701091
696,0001074,9804124
697,9805106,9804124
698,9809068,9804124
699,9812232,9804124
700,9905011,9804124
701,9907102,9804124
702,9902157,9804124
703,9903068,9804124
704,0005277,9804124
705,9910033,9804124
706,0005278,9804124
707,9903002,9804124
708,0007208,9804124
709,0102153,9804124
710,0105164,9804124
711,0105197,9804124
712,0109008,9804124
713,0112096,9804124
714,0202101,9804124
715,0204039,9804124
716,0206172,9804124
717,0001074,9805106
718,9809068,9805106
719,9812232,9805106
720,9905011,9805106
721,9907102,9805106
722,9903068,9805106
723,0005277,9805106
724,9910033,9805106
725,0005278,9805106
726,9903002,9805106
727,0012058,9805106
728,0102153,9805106
729,0105164,9805106
730,0105197,9805106
731,0109008,9805106
732,0204039,9805106
733,0206172,9805106
734,0208132,9805106
735,0001074,9809068
736,9812232,9809068
737,9905011,9809068
738,9907102,9809068
739,9903068,9809068
740,0005277,9809068
741,9910033,9809068
742,0005278,9809068
743,9903002,9809068
744,0012058,9809068
745,0102153,9809068
746,0105164,9809068
747,0109008,9809068
748,0204039,9809068
749,0001074,9812232
750,9905011,9812232
751,9907102,9812232
752,9903068,9812232
753,0005277,9812232
754,9910033,9812232
755,0005278,9812232
756,9903002,9812232
757,0012058,9812232
758,0102153,9812232
759,0105164,9812232
760,0202101,9812232
761,0204039,9812232
762,0001074,9905011
763,9907102,9905011
764,0005277,9905011
765,9910033,9905011
766,0005278,9905011
767,0007208,9905011
768,0012058,9905011
769,0102153,9905011
770,0105164,9905011
771,0105197,9905011
772,0109008,9905011
773,0112141,9905011
774,0204039,9905011
775,0206172,9905011
776,0001074,9907102
777,0005277,9907102
778,0005278,9907102
779,0012058,9907102
780,0102153,9907102
781,0105164,9907102
782,0204039,9907102
783,9804124,9605090
784,9610204,9605090
785,9711028,9605090
786,9803217,9605090
787,9905224,9605090
788,9610026,9605090
789,0011253,9605090
790,0103246,9605090
791,0105041,9605090
792,0212260,9605090
793,9804124,9706110
794,9903053,9706110
795,9903068,9706110
796,9801057,9706110
797,0206164,9706110
798,0209161,9706110
799,0209230,9706110
800,9804124,9712042
801,0004019,9712042
802,9901120,9712042
803,9905224,9712042
804,0009060,9712042
805,9809068,9804125
806,9812232,9804125
807,9907102,9804125
808,9902157,9804125
809,9903068,9804125
810,9903002,9804125
811,0202101,9804125
812,9901046,9811252
813,9903198,9811252
814,0211280,9811252
815,9911011,9803260
816,9805176,9803260
817,9806040,9803260
818,0208030,9803260
819,9911011,9806040
820,9911011,9907013
821,0002037,9907013
822,0003242,9907013
823,0011017,9907013
824,0012041,9907013
825,0110288,9907013
826,9912067,9810210
827,9902059,9810210
828,0010281,9810210
829,0106104,9810210
830,0112006,9810210
831,0302226,9810210
832,9912067,9903113
833,0107222,9903113
834,9503079,9403162
835,9408006,9403162
836,9603114,9403162
837,0001094,9512083
838,9903130,9512083
839,0110276,9512083
840,0001094,9701065
841,9808062,9701065
842,9903130,9701065
843,9905229,9701065
844,0001094,9808062
845,9903130,9808062
846,9905149,9808062
847,0012023,9808062
848,0001094,9903130
849,9905149,9903130
850,0009099,9903130
851,0012023,9903130
852,0105013,9903130
853,0105135,9903130
854,0109179,9903130
855,0112158,9903130
856,0202077,9903130
857,0201080,9903130
858,0212117,9903130
859,0212276,9903130
860,0301062,9903130
861,0001094,9905149
862,9903130,9905149
863,0012023,9905149
864,0105013,9905149
865,0105135,9905149
866,0109008,9905149
867,0109179,9905149
868,9907049,9905149
869,0112158,9905149
870,0202077,9905149
871,0201080,9905149
872,0209213,9905149
873,0212117,9905149
874,0212276,9905149
875,9512083,9510158
876,0110276,9510158
877,9903130,9808130
878,0012023,9808130
879,9711146,9303052
880,9407117,9303052
881,9711146,9312141
882,9711146,9406060
883,9711146,9707091
884,9805185,9707091
885,9709034,9707091
886,9910226,9707091
887,9801046,9707091
888,9802003,9707091
889,0304190,9707091
890,9805185,9407122
891,9805185,9612099
892,9805185,9701034
893,9910226,9701034
894,9805185,9703190
895,9910226,9703190
896,0005158,9703190
897,0102079,9703190
898,9707091,9703190
899,9704213,9703190
900,0104002,9703190
901,0105178,9703190
902,9805185,9704213
903,9910226,9704213
904,9801046,9704213
905,9707091,9704213
906,9802003,9704213
907,9805185,9711146
908,9812251,9711146
909,9907147,9711146
910,9805185,9801046
911,9802003,9801046
912,9805185,9802003
913,9803112,9512075
914,9803160,9512075
915,0101161,9512075
916,9803160,9803112
917,9810250,9807149
918,9811212,9704055
919,9910107,9704055
920,0204246,9704055
921,9910107,9811212
922,0001188,9811212
923,0005229,9811212
924,0009237,9811212
925,0204246,9811212
926,0304095,9811212
927,9907140,9309124
928,9907140,9904153
929,9907125,9505085
930,9705142,9505085
931,9904044,9803091
932,9810087,9803091
933,0004153,9803091
934,0005287,9803091
935,0012189,9803091
936,0303056,9803091
937,0303162,9803091
938,9805025,9803091
939,9806174,9803091
940,9811173,9803091
941,9904044,9901099
942,9912092,9901099
943,0001202,9901099
944,9909126,9901099
945,9912093,9901099
946,9912290,9901099
947,0003006,9901099
948,0003188,9901099
949,0005279,9901099
950,0010059,9901099
951,0011161,9901099
952,0105259,9901099
953,0202110,9901099
954,9610204,9610026
955,0011253,9610026
956,0103246,9610026
957,0105041,9610026
958,9902059,9402107
959,9701128,9402107
960,9504010,9402107
961,9501075,9402107
962,0210145,9402107
963,9902059,9608096
964,9810210,9608096
965,9912047,9608096
966,0002169,9608096
967,0005187,9608096
968,9810157,9608096
969,0105305,9608096
970,9411102,9403195
971,9709193,9403195
972,9811214,9403195
973,0003214,9403195
974,9701128,9403195
975,9502110,9403195
976,0005262,9403195
977,9503201,9403195
978,9504010,9403195
979,9508162,9403195
980,9709203,9403195
981,9812055,9403195
982,9803217,9403195
983,9509151,9403195
984,9501075,9403195
985,9910209,9403195
986,9709192,9403195
987,0012242,9403195
988,9507140,9403195
989,9804104,9403195
990,9511037,9403195
991,9603169,9403195
992,0203179,9403195
993,9503036,9403195
994,0001151,9607099
995,9701107,9607099
996,9712222,9607099
997,9910102,9607099
998,9712197,9607099
999,0005027,9607099
1000,0007077,9607099
1001,9812247,9607099
1002,0104002,9607099
1003,0105177,9607099
1004,0208202,9607099
1005,9711019,9607099
1006,9607099,9408113
1007,0003217,9408113
1008,9411009,9408113
1009,9810113,9408113
1010,9903176,9408113
1011,0101219,9408113
1012,0103055,9408113
1013,0108063,9408113
1014,9607064,9408113
1015,0208202,9408113
1016,9506215,9408113
1017,0212084,9408113
1018,0301075,9408113
1019,9411203,9408113
1020,9412054,9408113
1021,9904059,9408113
1022,0001156,0002113
1023,0001158,9202047
1024,9403066,9202047
1025,9303110,9202047
1026,9305022,9202047
1027,9402138,9202047
1028,9405099,9202047
1029,9406065,9202047
1030,0001158,9405153
1031,9905079,9710147
1032,9805094,9710147
1033,9810067,9710147
1034,9902141,9710147
1035,9903168,9710147
1036,0010168,9710147
1037,0012176,9710147
1038,0105078,9710147
1039,0208175,9710147
1040,9905079,9810067
1041,9902141,9810067
1042,0010168,9810067
1043,9403094,9211066
1044,9710099,9211066
1045,9805216,9211066
1046,9804063,9211066
1047,0103144,9211066
1048,9310089,9211066
1049,9312141,9211066
1050,9409153,9211066
1051,9706086,9211066
1052,9403094,9302139
1053,9403094,9305100
1054,9602074,9305100
1055,9710099,9305100
1056,9805216,9305100
1057,9910226,9305100
1058,9409153,9305100
1059,9609135,9305100
1060,9711103,9305100
1061,9405011,9312213
1062,9409190,9312213
1063,9912092,9904044
1064,9912290,9904044
1065,0010059,9904044
1066,9912092,9909126
1067,0001202,9909126
1068,9912093,9909126
1069,9912290,9909126
1070,0003006,9909126
1071,0005279,9909126
1072,0010059,9909126
1073,0012146,9909126
1074,9701107,9407117
1075,9712222,9407117
1076,9910102,9407117
1077,9604044,9407117
1078,9509096,9407117
1079,0104002,9407117
1080,0105177,9407117
1081,9701107,9409108
1082,9906114,9409108
1083,9712222,9701107
1084,9910102,9712222
1085,0003217,9712222
1086,9910102,9812247
1087,9906114,9812247
1088,0012023,9812247
1089,0103051,9812247
1090,0104119,9812247
1091,0105177,9812247
1092,9910102,9906114
1093,0201108,9906114
1094,9906198,9905215
1095,9709034,9702190
1096,9703190,9702190
1097,0005161,9702190
1098,0102079,9702190
1099,9704213,9702190
1100,0104220,9702190
1101,0203085,9702190
1102,0208005,9702190
1103,0304120,9702190
1104,0001188,9712006
1105,0201167,9712006
1106,0204246,9712006
1107,0304095,9712006
1108,9712051,9712006
1109,9712006,9306042
1110,9801046,9306042
1111,9802003,9306042
1112,0304095,9306042
1113,9712006,9710103
1114,9705046,9508117
1115,9612216,9508117
1116,0005275,9508117
1117,9904182,9705046
1118,0006189,9705046
1119,9808119,9705046
1120,0109160,9705046
1121,0110105,9705046
1122,9907189,9405012
1123,0001202,9912092
1124,9912290,9912092
1125,0003006,9912092
1126,0003188,9912092
1127,0005279,9912092
1128,0010059,9912092
1129,0011161,9912092
1130,0012146,9912092
1131,0105259,9912092
1132,0109077,9912092
1133,0201157,9912092
1134,0202110,9912092
1135,0001202,9912093
1136,0003188,9912093
1137,0005279,9912093
1138,0010059,9912093
1139,0012146,9912093
1140,0202110,9912093
1141,0001202,9912290
1142,0005279,9912290
1143,0010059,9912290
1144,9810087,9610128
1145,9612011,9610128
1146,9612013,9610128
1147,0005279,9610128
1148,9612012,9610128
1149,0010059,9610128
1150,9612010,9610128
1151,9811173,9610128
1152,9810087,9612013
1153,9612011,9612013
1154,9803091,9612013
1155,9612012,9612013
1156,0012189,9612013
1157,9612010,9612013
1158,9810087,9805025
1159,9806174,9805025
1160,9811173,9805025
1161,9603170,9412117
1162,9511230,9412117
1163,9512204,9412117
1164,9511152,9412117
1165,9701175,9412117
1166,9506091,9412117
1167,9612239,9412117
1168,9603170,9511230
1169,9805190,9511230
1170,0002240,9511230
1171,9605154,9511230
1172,9612239,9511230
1173,0001210,9505166
1174,9706056,9505166
1175,0108159,9505166
1176,9609045,9505166
1177,9905088,9505166
1178,9612097,9505166
1179,9801069,9505166
1180,0001210,9706056
1181,9905088,9706056
1182,9907114,9402070
1183,0203110,9402070
1184,9406205,9402070
1185,9912091,9402070
1186,9907114,9510210
1187,9608137,9510210
1188,9706146,9510210
1189,9907114,9608137
1190,9911204,9608137
1191,9907114,9806099
1192,9902187,9806099
1193,9904064,9806099
1194,0003131,9806099
1195,0004147,9806099
1196,0003200,9806099
1197,9912130,9806099
1198,0006006,9806099
1199,0101216,9806099
1200,0107115,9806099
1201,0109162,9806099
1202,9812235,9806099
1203,9810210,9512121
1204,9906046,9512121
1205,0002169,9512121
1206,9901151,9512121
1207,9903053,9512121
1208,0111066,9512121
1209,0206206,9512121
1210,9710147,9410147
1211,9710147,9606066
1212,9903168,9606066
1213,0005037,9606066
1214,9909118,9606066
1215,0009194,9606066
1216,9905103,9606066
1217,0105078,9606066
1218,9809052,9606066
1219,0208175,9606066
1220,9712249,9606066
1221,9710147,9607017
1222,9805094,9607017
1223,0210136,9607017
1224,0210267,9607017
1225,9805094,9707169
1226,0301148,9707169
1227,9810067,9805094
1228,9902141,9805094
1229,9903168,9805094
1230,0010168,9805094
1231,9903168,9809052
1232,9905103,9809052
1233,9903168,9902141
1234,0010168,9902141
1235,0012176,9902141
1236,9906046,9806094
1237,0002012,9806094
1238,0006189,9806094
1239,0011017,9806094
1240,0102198,9806094
1241,0110071,9806094
1242,0302099,9806094
1243,9906046,9903053
1244,0007071,9903053
1245,0104254,9903053
1246,0109075,9903053
1247,0109164,9903053
1248,0206163,9903053
1249,0206164,9903053
1250,0206206,9903053
1251,0209230,9903053
1252,0210145,9903053
1253,0211213,9903053
1254,9510182,9308151
1255,9902187,9308151
1256,9904064,9308151
1257,9707202,9308151
1258,9712206,9308151
1259,9505106,9308151
1260,9605102,9308151
1261,9611083,9308151
1262,9510182,9505106
1263,0002034,9701028
1264,9801124,9701028
1265,0110026,9701028
1266,0208181,9701028
1267,0002034,9801124
1268,0007128,9801124
1269,0002043,9310201
1270,9907119,9310201
1271,0002043,9808151
1272,0002043,9809119
1273,0003297,9809119
1274,9901010,9809119
1275,0002043,9902017
1276,0003297,9902017
1277,9310201,9301063
1278,9310201,9305045
1279,9807189,9806003
1280,9904002,9806003
1281,9906069,9806003
1282,9809140,9806003
1283,0112023,9806003
1284,9904002,9807189
1285,9909145,9807189
1286,0112023,9807189
1287,9904002,9809140
1288,9906069,9809140
1289,0106275,9809140
1290,0112023,9809140
1291,9909145,9904002
1292,0112023,9904002
1293,9903059,9809192
1294,9811149,9809192
1295,9903059,9811149
1296,9804001,9404093
1297,9410016,9404093
1298,9804001,9603053
1299,9806099,9603053
1300,0003006,9603053
1301,9701078,9603053
1302,9707202,9603053
1303,9712206,9603053
1304,9611058,9603053
1305,9912217,9603053
1306,0101092,9603053
1307,0101111,9603053
1308,0101130,9603053
1309,0101217,9603053
1310,0107115,9603053
1311,0105119,9603053
1312,9701179,9603053
1313,9804169,9603053
1314,0109077,9603053
1315,0109162,9603053
1316,0112092,9603053
1317,0206142,9603053
1318,9610114,9603053
1319,0002080,9712243
1320,0002080,9912112
1321,9706041,9701041
1322,9712085,9701041
1323,9807234,9701041
1324,9902044,9701041
1325,9905063,9701041
1326,9905150,9701041
1327,0109184,9701041
1328,9712107,9701041
1329,9802204,9701041
1330,9910121,9701041
1331,9712085,9706041
1332,9807234,9706041
1333,9902044,9706041
1334,9905150,9706041
1335,0109184,9706041
1336,9712107,9706041
1337,9910121,9706041
1338,9807234,9712085
1339,9905063,9712085
1340,0109184,9712085
1341,9712107,9712085
1342,9802204,9712085
1343,9910121,9712085
1344,9807234,9802204
1345,9905063,9802204
1346,9902044,9712197
1347,9802061,9712197
1348,0007077,9712197
1349,0009250,9712197
1350,0301075,9712197
1351,0304120,9712197
1352,9902044,9807234
1353,9905063,9807234
1354,9905150,9807234
1355,0109184,9807234
1356,9910121,9807234
1357,9905063,9902044
1358,0109184,9902044
1359,9905150,9905063
1360,0109184,9905063
1361,9910121,9905063
1362,0002083,9705075
1363,9911093,9705075
1364,0009121,9705075
1365,0002083,9911093
1366,0009121,9911093
1367,9705075,9703087
1368,0002084,9805034
1369,9902187,9805034
1370,9806099,9805034
1371,9904064,9805034
1372,0004147,9805034
1373,9912130,9805034
1374,0005059,9805034
1375,0101216,9805034
1376,0106110,9805034
1377,0109162,9805034
1378,0111151,9805034
1379,0201070,9805034
1380,0203166,9805034
1381,0002084,9902059
1382,9910037,9902059
1383,0005087,9902059
1384,0008186,9902059
1385,0105087,9902059
1386,0212166,9902059
1387,0002084,9902187
1388,9904064,9902187
1389,0002084,9910037
1390,0005273,9910037
1391,0008186,9910037
1392,0103164,9910037
1393,9902187,9612084
1394,9905114,9612084
1395,9707202,9612084
1396,9907160,9612084
1397,0304039,9612084
1398,9806013,9612084
1399,9902187,9707202
1400,9806099,9707202
1401,9904064,9707202
1402,0009180,9707202
1403,0004147,9707202
1404,9712206,9707202
1405,0107115,9707202
1406,0109162,9707202
1407,9812235,9707202
1408,9902187,9712206
1409,9806099,9712206
1410,9904064,9712206
1411,0009180,9712206
1412,0004147,9712206
1413,9912130,9712206
1414,0109162,9712206
1415,9812235,9712206
1416,9902187,9812235
1417,9904064,9812235
1418,9910037,9705211
1419,0005273,9705211
1420,9910037,9906225
1421,0103164,9906225
1422,0106122,9906225
1423,0110259,9906225
1424,9912047,9701078
1425,0003099,9701078
1426,9811169,9701078
1427,9910129,9701078
1428,9707202,9701078
1429,0005087,9701078
1430,0005199,9701078
1431,0103023,9701078
1432,0107099,9701078
1433,0108085,9701078
1434,0109163,9701078
1435,9912047,9805132
1436,9811201,9805132
1437,9812172,9802129
1438,0003131,9802129
1439,0003190,9802129
1440,0003200,9802129
1441,9812172,9804027
1442,0011081,9804027
1443,0303256,9804027
1444,0002102,0002012
1445,0002102,9805190
1446,0002240,9805190
1447,0303218,9805190
1448,0002102,9811201
1449,0209230,9811201
1450,9805190,9512204
1451,0002240,9512204
1452,9610154,9512204
1453,9701175,9512204
1454,0303218,9512204
1455,9805190,9610154
1456,0002240,9610154
1457,0007115,9610154
1458,9701175,9610154
1459,9902066,9810250
1460,0101161,9810250
1461,0006187,0006187
1462,0112209,0006187
1463,9907183,9907114
1464,9606130,9212019
1465,9407179,9309030
1466,9410202,9309030
1467,9707118,9705138
1468,9710082,9705138
1469,9710168,9705138
1470,9801079,9705138
1471,0209115,9705138
1472,9710082,9705161
1473,9710082,9707118
1474,9710168,9707118
1475,9804112,9707118
1476,0209115,9707118
1477,9710168,9710082
1478,0002168,9612216
1479,9811199,9612216
1480,9709193,9612216
1481,0008100,9612216
1482,0207096,9612216
1483,0209148,9612216
1484,9705161,9612216
1485,0002168,9811199
1486,9811214,9811199
1487,9612216,9304087
1488,9905057,9304087
1489,0003214,9304087
1490,0012141,9304087
1491,9704159,9304087
1492,9403066,9304087
1493,0203043,9304087
1494,9409063,9304087
1495,9511196,9304087
1496,9612216,9401061
1497,9811214,9401061
1498,9412075,9401061
1499,0207096,9401061
1500,0210145,9401061
1501,9609205,9401061
1502,9612216,9511196
1503,9704159,9511196
1504,0002169,9306096
1505,9608096,9306096
1506,9911220,9306096
1507,0003242,9306096
1508,9810059,9306096
1509,9902198,9306096
1510,0002169,9402147
1511,9901151,9402147
1512,9405035,9402147
1513,9412236,9402147
1514,9611053,9402147
1515,9605090,9402147
1516,9912078,9402147
1517,9709152,9402147
1518,0206206,9402147
1519,9703086,9402147
1520,9409063,9402147
1521,9512195,9402147
1522,9811124,9402147
1523,0002169,9811214
1524,0008100,9811214
1525,9907165,9811214
1526,0002169,9901151
1527,0109075,9901151
1528,0206206,9901151
1529,0210145,9901151
1530,0002169,9906046
1531,0109075,9906046
1532,0206164,9906046
1533,0206206,9906046
1534,0210145,9906046
1535,9709193,9504010
1536,9701128,9504010
1537,0005262,9504010
1538,9709203,9504010
1539,9812055,9504010
1540,9709192,9504010
1541,0101147,9504010
1542,9507140,9504010
1543,9511037,9504010
1544,9603169,9504010
1545,9702054,9504010
1546,0107079,9504010
1547,9506002,9504010
1548,9709193,9507140
1549,9701128,9507140
1550,9508162,9507140
1551,9812055,9507140
1552,9709192,9507140
1553,0101147,9507140
1554,9511037,9507140
1555,9603169,9507140
1556,9702054,9507140
1557,9709193,9603169
1558,9701128,9603169
1559,9812055,9603169
1560,9709192,9603169
1561,9702054,9603169
1562,0107079,9603169
1563,9811214,9804104
1564,9812055,9804104
1565,0101147,9804104
1566,0002193,9912047
1567,0005199,9912047
1568,0007043,9912047
1569,0106180,9912047
1570,0109070,9912047
1571,0109111,9912047
1572,0201196,9912047
1573,0209223,9912047
1574,0209139,9912047
1575,0303256,9912047
1576,0002207,9201051
1577,9312042,9201051
1578,0002207,9608082
1579,9712254,9608082
1580,0002207,9712254
1581,9909206,9810164
1582,0011137,9810164
1583,9809125,9711028
1584,9809126,9711028
1585,9809127,9711028
1586,9909201,9711028
1587,0009221,9711028
1588,0204178,9711028
1589,0212260,9711028
1590,9809125,9809126
1591,9809127,9809126
1592,9909201,9809126
1593,0009221,9809126
1594,0204178,9809126
1595,0212260,9809126
1596,9809125,9809127
1597,9809126,9809127
1598,9909201,9809127
1599,0009221,9809127
1600,0110151,9809127
1601,0204178,9809127
1602,0212260,9809127
1603,0304175,9809127
1604,0304235,9809127
1605,9505027,9407070
1606,9502110,9407070
1607,0105286,9407070
1608,9609205,9407070
1609,9908051,9407070
1610,9505027,9502110
1611,9511037,9502110
1612,9804150,9502110
1613,9908051,9502110
1614,9710176,9305032
1615,9712139,9305032
1616,9807155,9305032
1617,9905057,9305032
1618,0005096,9305032
1619,9412084,9305032
1620,9804122,9305032
1621,9901061,9305032
1622,9907119,9305032
1623,9709192,9305032
1624,9710176,9402093
1625,9712139,9402093
1626,9807155,9402093
1627,9905057,9402093
1628,0004196,9402093
1629,0005096,9402093
1630,0010102,9402093
1631,9709192,9402093
1632,9511037,9402093
1633,0210145,9402093
1634,9710176,9407076
1635,9712139,9407076
1636,9807155,9407076
1637,9905057,9407076
1638,9907119,9407076
1639,9607030,9407076
1640,9709192,9407076
1641,9511037,9407076
1642,0207096,9407076
1643,9710176,9412084
1644,9712139,9412084
1645,9807155,9412084
1646,9905057,9412084
1647,0005096,9412084
1648,9804122,9412084
1649,9901061,9412084
1650,9907119,9412084
1651,9709192,9412084
1652,9710176,9607030
1653,9712139,9607030
1654,9807155,9607030
1655,9905057,9607030
1656,0010102,9607030
1657,9709192,9607030
1658,0207096,9607030
1659,9712139,9602165
1660,9709192,9602165
1661,9807155,9710176
1662,9905057,9710176
1663,9907119,9710176
1664,9807155,9712139
1665,9905057,9712139
1666,0004196,9712139
1667,0107079,9712139
1668,9905057,9312214
1669,0005096,9312214
1670,9905057,9401095
1671,9804122,9401095
1672,9907119,9401095
1673,9905057,9804122
1674,0005096,9804122
1675,9901061,9804122
1676,9907119,9804122
1677,0206164,9804122
1678,9905057,9807155
1679,9907119,9807155
1680,0107079,9807155
1681,9412236,9311014
1682,9506091,9311014
1683,9412117,9311014
1684,9406008,9311014
1685,9412236,9312004
1686,0202121,9312004
1687,0205128,9312004
1688,9509001,9312004
1689,9412236,9405035
1690,9611053,9405035
1691,9912078,9405035
1692,0206164,9405035
1693,0210145,9405035
1694,9409063,9405035
1695,9510218,9405035
1696,9811124,9405035
1697,9412236,9406008
1698,9506091,9406008
1699,9412117,9406008
1700,9507075,9406008
1701,9611053,9407018
1702,9407091,9407018
1703,9505122,9407018
1704,9506007,9407018
1705,9909147,9407018
1706,9605090,9407018
1707,9410209,9407018
1708,9606022,9407018
1709,0010269,9407018
1710,0105260,9407018
1711,9703086,9407018
1712,9811124,9407018
1713,9903053,9311049
1714,9605154,9311049
1715,9911220,9611053
1716,9811124,9611053
1717,9909065,9610003
1718,9911216,9610003
1719,9712121,9610003
1720,0103263,9610003
1721,0204088,9610003
1722,9909065,9709034
1723,9911216,9709034
1724,9910226,9709034
1725,0005027,9709034
1726,0005161,9709034
1727,0007077,9709034
1728,0009250,9709034
1729,0102079,9709034
1730,0103263,9709034
1731,0104220,9709034
1732,0111144,9709034
1733,0203085,9709034
1734,0204088,9709034
1735,0208016,9709034
1736,9911216,9909065
1737,0005158,9909065
1738,0103263,9909065
1739,0204088,9909065
1740,0208016,9909065
1741,0002227,9912067
1742,0010281,9912067
1743,0106104,9912067
1744,0107222,9912067
1745,0112006,9912067
1746,0211230,9912067
1747,0302226,9912067
1748,0002230,9910023
1749,0303006,9910023
1750,9906228,9312080
1751,0301143,9312080
1752,9906228,9511060
1753,0004020,9511060
1754,0003006,9804001
1755,0004147,9804001
1756,0109077,9804001
1757,0109162,9804001
1758,0112092,9804001
1759,9904064,9712090
1760,9712206,9712090
1761,9912130,9712090
1762,9806002,9712090
1763,9906060,9712090
1764,9806019,9712090
1765,9810233,9712090
1766,9907130,9712090
1767,9401112,9208006
1768,9312170,9208006
1769,9402037,9208006
1770,9410241,9208006
1771,9607220,9208006
1772,9312075,9208006
1773,9308072,9208006
1774,9308148,9208006
1775,9311109,9208006
1776,9312140,9208006
1777,9402024,9208006
1778,9402051,9208006
1779,9402060,9208006
1780,9402067,9208006
1781,9403154,9208006
1782,9406157,9208006
1783,9406172,9208006
1784,9406186,9208006
1785,9409056,9208006
1786,9409057,9208006
1787,9410039,9208006
1788,9602085,9311112
1789,9403154,9311112
1790,9404068,9311112
1791,9406205,9311112
1792,9602085,9402037
1793,9610087,9402037
1794,9705211,9402037
1795,9906225,9402037
1796,9510144,9402037
1797,9607220,9402037
1798,9703111,9402037
1799,9411006,9402037
1800,9602085,9402060
1801,9403154,9402060
1802,0003035,0002188
1803,0108054,0002188
1804,0003049,9911216
1805,0005254,9911216
1806,0103263,9911216
1807,0204088,9911216
1808,0208016,9911216
1809,9809161,9508036
1810,0006137,9508036
1811,0104050,9508036
1812,9602165,9508036
1813,9902157,9607083
1814,9701097,9607083
1815,9902157,9806189
1816,9810211,9806189
1817,0112141,9806189
1818,0203017,9806189
1819,9902157,9810211
1820,0102039,9810211
1821,0112141,9810211
1822,0202080,9810211
1823,0003099,0003006
1824,0003131,0003006
1825,0003200,0003006
1826,0010059,0003006
1827,0011090,0003006
1828,0011253,0003006
1829,0108085,0003006
1830,0109077,0003006
1831,0209147,0003006
1832,0003099,9811169
1833,9910129,9811169
1834,0105087,9811169
1835,0103023,9811169
1836,0103206,9811169
1837,0107099,9811169
1838,0111020,9811169
1839,0204170,9811169
1840,9701078,9403067
1841,0004147,9403067
1842,9707202,9403067
1843,9701078,9406166
1844,9811169,9611058
1845,9910129,9611058
1846,0210297,9611058
1847,0003111,9711064
1848,9802192,9711064
1849,0003126,0001067
1850,0101190,0001067
1851,9903106,9902175
1852,0102111,9902175
1853,0003131,0002023
1854,0003200,0002023
1855,0008038,0002023
1856,0010293,0002023
1857,0102018,0002023
1858,0107115,0002023
1859,0105229,0002023
1860,0106194,0002023
1861,0111151,0002023
1862,0201010,0002023
1863,0204199,0002023
1864,0206101,0002023
1865,0206158,0002023
1866,0209210,0002023
1867,9809126,9809125
1868,9809127,9809125
1869,9909201,9809125
1870,0009221,9809125
1871,0204178,9809125
1872,0212260,9809125
1873,9809127,9306150
1874,9407091,9306150
1875,9605090,9306150
1876,9502089,9306150
1877,0301078,9306150
1878,9809127,9310045
1879,0004147,9904064
1880,9912130,9904064
1881,0109162,9904064
1882,0004147,9911026
1883,0109162,9911026
1884,0004147,9912130
1885,0101216,9912130
1886,0107115,9912130
1887,0109162,9912130
1888,0111151,9912130
1889,0203166,9912130
1890,0003190,9301026
1891,9610003,9301026
1892,9712121,9301026
1893,9402076,9301026
1894,9807074,9301026
1895,0003190,9311069
1896,9406099,9311069
1897,0003190,9602074
1898,9710099,9602074
1899,9805216,9602074
1900,9910226,9602074
1901,9707091,9602074
1902,0103144,9602074
1903,9609135,9602074
1904,9612235,9602074
1905,0003190,9708114
1906,0003190,9710099
1907,9805216,9710099
1908,9910226,9710099
1909,0103144,9710099
1910,0206093,9710099
1911,9809058,9710099
1912,0003190,9805216
1913,0103144,9805216
1914,0003190,9810019
1915,0011109,9810019
1916,0105046,9810019
1917,0210215,9810019
1918,0003190,9902157
1919,9903068,9902157
1920,9905229,9902157
1921,0007208,9902157
1922,9910123,9902157
1923,0012058,9902157
1924,9904167,9902157
1925,0103013,9902157
1926,0103178,9902157
1927,0106011,9902157
1928,0109022,9902157
1929,0112141,9902157
1930,0203017,9902157
1931,0207040,9902157
1932,0208132,9902157
1933,9908127,9902157
1934,0003190,9903068
1935,9905224,9903068
1936,0011253,9903068
1937,0003190,9904082
1938,0304190,9904082
1939,0003190,9906036
1940,0101034,9906036
1941,0105148,9906036
1942,0208202,9906036
1943,0003190,9909042
1944,0003190,9910226
1945,0003190,9911030
1946,0201045,9911030
1947,0203169,9911030
1948,0304077,9911030
1949,9708114,9311074
1950,0202121,9311074
1951,9403066,9311074
1952,0208147,9311074
1953,0303263,9311074
1954,9708114,9510131
1955,0104002,9510131
1956,0208147,9510131
1957,0303263,9510131
1958,9710099,9609135
1959,9711103,9609135
1960,9903068,9503157
1961,0101224,9503157
1962,9709207,9503157
1963,0102167,9503157
1964,0108110,9503157
1965,9803101,9503157
1966,0111066,9503157
1967,0111114,9503157
1968,0301121,9503157
1969,0303069,9503157
1970,0304099,9503157
1971,9711058,9503157
1972,9904082,9403094
1973,9910226,9403094
1974,0102079,9403094
1975,9704213,9403094
1976,9701034,9403094
1977,9809058,9403094
1978,9910226,9508016
1979,9702182,9508016
1980,9910226,9702182
1981,9712157,9301111
1982,9602016,9301111
1983,9609114,9301111
1984,9710069,9301111
1985,9605067,9301111
1986,9703019,9301111
1987,0205063,9301111
1988,0212267,9301111
1989,9611220,9301111
1990,9611221,9301111
1991,9612186,9301111
1992,9707032,9301111
1993,9712157,9605213
1994,9810212,9605213
1995,9703019,9605213
1996,0205113,9605213
1997,9611220,9605213
1998,9611221,9605213
1999,9612186,9605213
2000,9707032,9605213
2001,0003210,9610202
2002,9704069,9610202
2003,9907050,9610202
2004,9910046,9610202
2005,9910206,9610202
2006,0007187,9610202
2007,0012224,9610202
2008,0109219,9610202
2009,0211154,9610202
2010,9910112,9610202
2011,9912173,9610202
2012,0003210,9704069
2013,9910206,9704069
2014,0007187,9704069
2015,0012224,9704069
2016,0211154,9704069
2017,0003210,9907050
2018,9910046,9907050
2019,9910206,9907050
2020,0211154,9907050
2021,0212006,9907050
2022,9910112,9907050
2023,0003210,9910046
2024,9910206,9910046
2025,0007045,9910046
2026,0109219,9910046
2027,0111252,9910046
2028,0211154,9910046
2029,0212006,9910046
2030,9910112,9910046
2031,9912173,9910046
2032,0003210,9910206
2033,0007187,9910206
2034,0211154,9910206
2035,9907050,9411004
2036,9910046,9411004
2037,9709207,9411004
2038,0110266,9411004
2039,9910112,9411004
2040,9912173,9411004
2041,0003214,9203026
2042,9501075,9203026
2043,0107033,9203026
2044,9406068,9203026
2045,0003217,9906069
2046,0112023,9906069
2047,9408113,9403105
2048,9906069,9309022
2049,9601051,9309022
2050,9807065,9309022
2051,9803118,9309022
2052,9605130,9309022
2053,9906069,9705187
2054,9807065,9705187
2055,9803118,9705187
2056,9903066,9705187
2057,9707155,9705187
2058,9708145,9705187
2059,9906069,9707155
2060,9906069,9803118
2061,9807065,9803118
2062,9902036,9803118
2063,9906069,9807065
2064,9911232,9807065
2065,9906069,9808012
2066,9903066,9808012
2067,9810034,9808012
2068,9906069,9903066
2069,0303245,9903066
2070,9911026,9603143
2071,9706190,9603143
2072,9704118,9603143
2073,9810080,9507029
2074,9703129,9507029
2075,9810080,9809017
2076,9804063,9208067
2077,9305100,9208067
2078,0103144,9208067
2079,9312141,9208067
2080,9409153,9208067
2081,9804063,9310089
2082,9804063,9409153
2083,9706086,9409153
2084,9804063,9706086
2085,9601051,9405023
2086,9807065,9405023
2087,9803118,9405023
2088,9911232,9405023
2089,0004083,0004084
2090,0011275,0004084
2091,0103017,0004084
2092,0104104,0004084
2093,0105124,0004084
2094,0106166,0004084
2095,0107190,0004084
2096,0210143,0004084
2097,0210242,0004084
2098,0004083,9902024
2099,0004084,9902024
2100,0107190,9902024
2101,0108214,9902024
2102,9906104,9902024
2103,0003297,0002043
2104,0003297,9901010
2105,9602160,9308060
2106,0005278,9308060
2107,9309033,9308060
2108,0301121,9308060
2109,9312031,9308060
2110,9312042,9308060
2111,9403052,9308060
2112,9805198,9308060
2113,9602160,9309033
2114,0005278,9309033
2115,0301121,9309033
2116,9312031,9309033
2117,9312042,9309033
2118,9805198,9309033
2119,9602160,9402054
2120,9904206,9811173
2121,9908032,9811173
2122,0004019,0003131
2123,0111151,0003131
2124,0004019,0003200
2125,0005194,0003200
2126,0111151,0003200
2127,0201070,0003200
2128,0004019,9810230
2129,0301033,9810230
2130,0302197,9810230
2131,0303166,9810230
2132,0004032,0005122
2133,0006118,0005122
2134,0012023,0005122
2135,0105135,0005122
2136,0110026,0005122
2137,0202077,0005122
2138,0301062,0005122
2139,0004032,9709135
2140,0004032,9905057
2141,0005096,9905057
2142,9907119,9905057
2143,0101150,9905057
2144,0107079,9905057
2145,0203043,9905057
2146,0207096,9905057
2147,0210145,9905057
2148,0005122,0004032
2149,9701128,9501075
2150,9709192,9501075
2151,9511037,9501075
2152,9603169,9501075
2153,9701128,9503201
2154,0005262,9503201
2155,9504010,9503201
2156,9508162,9503201
2157,9709203,9503201
2158,9812055,9503201
2159,9709192,9503201
2160,9507140,9503201
2161,9511037,9503201
2162,9603169,9503201
2163,9702054,9503201
2164,9506002,9503201
2165,9701128,9506002
2166,9709192,9506002
2167,9701128,9508162
2168,0005262,9508162
2169,9511037,9508162
2170,9603169,9508162
2171,9808130,9707070
2172,0006118,9707070
2173,0012023,9707070
2174,0004055,9612159
2175,0004065,9910265
2176,0102180,9910265
2177,0210216,9910265
2178,9805179,9407057
2179,9907171,9407057
2180,9805179,9701043
2181,9907171,9701043
2182,9810059,9701043
2183,9712102,9701043
2184,9910121,9701043
2185,9805179,9712102
2186,9910121,9712102
2187,9907171,9304122
2188,0201156,9304122
2189,0205322,9304122
2190,9907171,9805179
2191,0102078,9805179
2192,9810059,9805179
2193,9902198,9805179
2194,9910121,9805179
2195,9804027,9802108
2196,9811041,9802108
2197,0109070,9802108
2198,0303256,9802108
2199,0004084,0004083
2200,0012023,0004083
2201,0104104,0004083
2202,0106011,0004083
2203,0004084,9911072
2204,0011275,9911072
2205,0103017,9911072
2206,0004088,0003228
2207,0009013,0003228
2208,0105065,0003228
2209,9907103,9711052
2210,9712090,9711052
2211,9806002,9711052
2212,9906060,9711052
2213,9806019,9711052
2214,9810233,9711052
2215,9907130,9711052
2216,9911242,9906129
2217,9810212,9610087
2218,9703111,9610087
2219,0105013,9610087
2220,0106122,9610087
2221,0110020,9610087
2222,0112069,9610087
2223,0205113,9610087
2224,0303094,9610087
2225,9810212,9712157
2226,0107063,9712157
2227,9707202,9701179
2228,0108043,9701179
2229,9610087,9302076
2230,9312170,9302076
2231,9402037,9302076
2232,9409058,9302076
2233,9906225,9302076
2234,9410241,9302076
2235,9607220,9302076
2236,9609002,9302076
2237,9703111,9302076
2238,9311109,9302076
2239,9312140,9302076
2240,9406157,9302076
2241,9407195,9302076
2242,9409056,9302076
2243,9409057,9302076
2244,9411034,9302076
2245,9610087,9506177
2246,0007150,9506177
2247,9607220,9506177
2248,9609002,9506177
2249,9703111,9506177
2250,0105013,9506177
2251,0109106,9506177
2252,0110020,9506177
2253,0112069,9506177
2254,0205113,9506177
2255,0303094,9506177
2256,9610087,9607220
2257,9609002,9607220
2258,9703111,9607220
2259,0004175,9409068
2260,9705219,9409068
2261,9508111,9409068
2262,0011209,9409068
2263,0105135,9409068
2264,0108021,9409068
2265,0202077,9409068
2266,0212117,9409068
2267,9409068,9209077
2268,9409068,9310125
2269,9506105,9310125
2270,9606092,9310125
2271,9402093,9203069
2272,9303099,9203069
2273,9401060,9203069
2274,9604044,9310022
2275,0105177,9310022
2276,9506215,9310022
2277,9409079,9310022
2278,9710184,9310022
2279,9810124,9310022
2280,0005037,9512105
2281,9606066,9512105
2282,9909118,9512105
2283,0005130,9512105
2284,0105078,9512105
2285,9609031,9512105
2286,0107248,9512105
2287,9809052,9512105
2288,0205228,9512105
2289,0209037,9512105
2290,9607017,9512105
2291,0005037,9909118
2292,0005130,9909118
2293,0105078,9909118
2294,0107248,9909118
2295,0209037,9909118
2296,9512105,9308086
2297,9512105,9311167
2298,9609031,9311167
2299,9505047,9311167
2300,9607017,9311167
2301,9612081,9311167
2302,9512105,9312040
2303,9505047,9312040
2304,9512105,9505047
2305,9609031,9505047
2306,0210136,9505047
2307,9607017,9505047
2308,0210267,9505047
2309,9606066,9208057
2310,9809052,9208057
2311,9712249,9208057
2312,9909128,9208057
2313,9606066,9208058
2314,9905103,9208058
2315,9510001,9208058
2316,9809052,9208058
2317,9303045,9208058
2318,9508084,9208058
2319,9606066,9210037
2320,9503217,9210037
2321,9905103,9210037
2322,9510001,9210037
2323,9809052,9210037
2324,9303045,9210037
2325,9508084,9210037
2326,9606066,9503217
2327,0009194,9503217
2328,9905103,9503217
2329,9510001,9503217
2330,9809052,9503217
2331,9508084,9503217
2332,9606066,9509096
2333,0009194,9509096
2334,9905103,9509096
2335,0107056,9509096
2336,9809052,9509096
2337,0005045,9908090
2338,0103166,9908090
2339,0206031,9908090
2340,0209027,9908090
2341,9409190,9405011
2342,9606144,9405011
2343,0005096,9901061
2344,9907119,9901061
2345,0005096,9907119
2346,9411009,9407191
2347,9507072,9407191
2348,9411009,9408136
2349,9610003,9408136
2350,9712121,9408136
2351,9510168,9408136
2352,9507072,9408136
2353,0005107,9511090
2354,9710241,9511090
2355,9810107,9511090
2356,9911111,9511090
2357,0005107,9710241
2358,9810107,9710241
2359,9911111,9710241
2360,0005107,9810107
2361,9911111,9810107
2362,0005107,9911111
2363,0005128,9407091
2364,0103246,9407091
2365,9502089,9407091
2366,0105041,9407091
2367,0005128,9606144
2368,0005128,9706182
2369,9407091,9201001
2370,9405096,9201001
2371,9801010,9201001
2372,9502089,9201001
2373,9509001,9201001
2374,9407091,9206090
2375,9502089,9206090
2376,9407091,9312096
2377,9405056,9312096
2378,9407091,9402081
2379,0103246,9402081
2380,9502089,9402081
2381,0105041,9402081
2382,0110240,9402081
2383,9606144,9409190
2384,0005130,0005037
2385,0107248,0005037
2386,0209037,0005037
2387,9309159,9309076
2388,9607036,9309076
2389,0005158,0001151
2390,0009194,0001151
2391,0104002,0001151
2392,0005170,9802061
2393,0009250,9802061
2394,9906138,9802061
2395,0005170,9810032
2396,0110081,9810032
2397,0005190,9911023
2398,0005194,0002193
2399,0012077,0002193
2400,0203166,0002193
2401,0211148,0002193
2402,0303256,0002193
2403,0005194,0003099
2404,0005194,0005059
2405,9608056,9406140
2406,9906229,9712066
2407,9912195,9712066
2408,9910038,9712066
2409,0112030,9712066
2410,0212140,9712066
2411,9812137,9712066
2412,9906229,9812137
2413,0005254,0003049
2414,0208016,0003049
2415,9506007,9405096
2416,9901120,9405096
2417,9606022,9405096
2418,9604142,9405096
2419,0105260,9405096
2420,0109048,9405096
2421,0109223,9405096
2422,0110097,9405096
2423,0211010,9405096
2424,9407098,9405096
2425,9411192,9405096
2426,9506007,9505122
2427,9606022,9505122
2428,0105260,9505122
2429,0005262,9709203
2430,0005262,9812055
2431,0008100,9812055
2432,9907165,9812055
2433,9812055,9701128
2434,0008100,9701128
2435,9709192,9701128
2436,9702054,9701128
2437,9812055,9702054
2438,9709192,9702054
2439,9705211,9312075
2440,9508047,9312075
2441,9705227,9312075
2442,9705211,9406172
2443,9705211,9412153
2444,9705211,9508047
2445,0103164,9508047
2446,9605133,9508047
2447,9611144,9508047
2448,0005277,9403136
2449,0005277,9506105
2450,9705219,9506105
2451,9606092,9506105
2452,9812157,9506105
2453,0108021,9506105
2454,0209110,9506105
2455,9612173,9506105
2456,9706067,9506105
2457,0005277,9705219
2458,9910033,9705219
2459,0007208,9705219
2460,0012058,9705219
2461,0102039,9705219
2462,9812157,9705219
2463,0102153,9705219
2464,0103178,9705219
2465,0108021,9705219
2466,0209110,9705219
2467,0005277,9910033
2468,0007208,9910033
2469,9910123,9910033
2470,0012058,9910033
2471,0102153,9910033
2472,0103178,9910033
2473,0105164,9910033
2474,0105197,9910033
2475,0109008,9910033
2476,0204039,9910033
2477,0206172,9910033
2478,0209110,9910033
2479,9705219,9606092
2480,0102039,9606092
2481,9812157,9606092
2482,0103190,9606092
2483,0108021,9606092
2484,9705219,9612173
2485,9706067,9612173
2486,9910033,9410188
2487,9503157,9410188
2488,0005278,0005277
2489,0007208,0005277
2490,0012058,0005277
2491,0102153,0005277
2492,0105164,0005277
2493,0108021,0005277
2494,0109008,0005277
2495,0204039,0005277
2496,0206172,0005277
2497,0209110,0005277
2498,9308060,9211126
2499,9212076,9211126
2500,9308060,9306155
2501,9309033,9306155
2502,9312031,9306155
2503,9312042,9306155
2504,0005279,0003188
2505,0010059,0003188
2506,0011161,0003188
2507,0012146,0003188
2508,0109077,0003188
2509,0201157,0003188
2510,0202110,0003188
2511,9906174,9905136
2512,0005287,0004153
2513,0012189,0004153
2514,0303162,0004153
2515,0005287,9908032
2516,0012189,9908032
2517,0303162,9908032
2518,0006005,0005194
2519,0007160,0005194
2520,0012077,0005194
2521,0211148,0005194
2522,0303256,0005194
2523,0006005,9512007
2524,9608009,9512007
2525,9604142,9512007
2526,9606101,9512007
2527,0006005,9608009
2528,0006006,0001158
2529,0106105,0001158
2530,0006006,0004147
2531,0007043,0004147
2532,0101216,0004147
2533,0107115,0004147
2534,0109162,0004147
2535,0202039,0004147
2536,0203166,0004147
2537,0302162,0004147
2538,0006006,0005273
2539,0008186,0005273
2540,0102074,0005273
2541,0103070,0005273
2542,0103164,0005273
2543,0103206,0005273
2544,0106056,0005273
2545,0203110,0005273
2546,0006006,9508111
2547,0006006,9509098
2548,0201070,9509098
2549,0006006,9812184
2550,0101219,9812184
2551,0112220,9812184
2552,9508111,9310083
2553,9403135,9310083
2554,9508111,9312101
2555,9403168,9312101
2556,9407047,9312101
2557,9508111,9312103
2558,9812184,9309134
2559,0006025,9911139
2560,0006027,9911139
2561,0107100,9911139
2562,0108084,9911139
2563,0110216,9911139
2564,0202064,9911139
2565,0203081,9911139
2566,0210034,9911139
2567,0006027,0006025
2568,0107100,0006025
2569,0108084,0006025
2570,0202064,0006025
2571,0203081,0006025
2572,0006047,0002037
2573,0010196,0002037
2574,0010269,0002037
2575,0011017,0002037
2576,0102018,0002037
2577,0102122,0002037
2578,0104147,0002037
2579,0105063,0002037
2580,0109164,0002037
2581,0110071,0002037
2582,0110288,0002037
2583,0209161,0002037
2584,0302226,0002037
2585,0006047,0003242
2586,0010196,0003242
2587,0011017,0003242
2588,0102018,0003242
2589,0209098,0003242
2590,0210296,0003242
2591,9905127,9906198
2592,9405023,9304112
2593,9808083,9304112
2594,9807065,9708145
2595,9903066,9708145
2596,9809140,9205039
2597,9312075,9205039
2598,0203110,9205039
2599,9309036,9205039
2600,9402051,9205039
2601,0006113,9803217
2602,9901120,9803217
2603,9905224,9803217
2604,9907165,9803217
2605,9804104,9803217
2606,9809052,9803217
2607,0006113,9901120
2608,9905224,9901120
2609,0006113,9905224
2610,0006163,9802101
2611,9812041,9802101
2612,0006163,9812041
2613,9312170,9208008
2614,9410241,9208008
2615,0106122,9208008
2616,0205128,9208008
2617,9311109,9208008
2618,9311184,9208008
2619,9312140,9208008
2620,9402017,9208008
2621,9406157,9208008
2622,9409056,9208008
2623,9409058,9312170
2624,9906225,9312170
2625,9410241,9312170
2626,9607036,9309159
2627,0006189,0006047
2628,0010269,0006047
2629,0011017,0006047
2630,0012041,0006047
2631,0110288,0006047
2632,0204157,0006047
2633,0206163,0006047
2634,0212059,0006047
2635,0006214,9911233
2636,0006237,9911233
2637,0006250,9911233
2638,0103218,9911233
2639,0006229,9912195
2640,9912195,9612194
2641,9705052,9612194
2642,9712066,9612194
2643,0112030,9612194
2644,0212140,9612194
2645,9812137,9612194
2646,9912195,9705052
2647,9712066,9705052
2648,0112030,9705052
2649,0212140,9705052
2650,9812137,9705052
2651,0006237,0006214
2652,0103218,0006214
2653,0006243,0002123
2654,0210087,0002123
2655,0006250,0006237
2656,0103218,0006237
2657,9811076,9703168
2658,0007074,0006005
2659,0007160,0006005
2660,0012077,0006005
2661,0211148,0006005
2662,0303256,0006005
2663,0007077,0005027
2664,9906139,9310004
2665,0105046,9310004
2666,0007115,0002102
2667,0007115,0002240
2668,0303218,0002240
2669,9905229,9810113
2670,0008153,9810113
2671,9903176,9810113
2672,0010107,9810113
2673,0011004,9810113
2674,0108063,9810113
2675,0201156,9810113
2676,0210161,9810113
2677,0212084,9810113
2678,9905229,9811218
2679,9905229,9903176
2680,0103144,9903176
2681,0212084,9903176
2682,0007128,0002034
2683,0010059,0002034
2684,0110026,0002034
2685,0112209,0002034
2686,0208181,0002034
2687,0211055,0002034
2688,0212049,0002034
2689,0302227,0002034
2690,0007160,0005005
2691,0101219,0005005
2692,0106110,0005005
2693,0112074,0005005
2694,0206101,0005005
2695,0303080,0005005
2696,0007160,0007074
2697,0012077,0007074
2698,0103063,0007074
2699,0104191,0007074
2700,0211148,0007074
2701,0303256,0007074
2702,9412075,9303099
2703,9709147,9303099
2704,9704159,9303099
2705,0207096,9303099
2706,0210145,9303099
2707,0007187,0003210
2708,0012099,0003210
2709,0012224,0003210
2710,0109219,0003210
2711,0211154,0003210
2712,0007194,9801010
2713,9912078,9801010
2714,9801010,9703086
2715,9912078,9703086
2716,9712232,9703086
2717,9709152,9703086
2718,0007208,9810176
2719,9910123,9810176
2720,0012058,9810176
2721,9908127,9810176
2722,9606022,9506007
2723,0105260,9506007
2724,0109048,9506007
2725,0211010,9506007
2726,9606022,9604142
2727,9606101,9604142
2728,9812247,9910102
2729,0103051,9910102
2730,0105177,9910102
2731,0201108,9910102
2732,0208202,9910102
2733,9812106,9705142
2734,9812106,9805185
2735,0102079,9805185
2736,0105178,9805185
2737,9812251,9805185
2738,0303245,9805185
2739,9908021,9805185
2740,0008100,0006113
2741,0009060,0006113
2742,0011222,0006113
2743,0011253,0006113
2744,0008100,9907165
2745,0008135,9704124
2746,9704124,9601031
2747,9810113,9212094
2748,9506215,9212094
2749,9303111,9212094
2750,9212150,9212094
2751,9810113,9408086
2752,9903176,9408086
2753,9510168,9408086
2754,0103055,9408086
2755,9507072,9408086
2756,9810113,9412054
2757,9607064,9412054
2758,9810113,9607064
2759,9903176,9607064
2760,0201156,9607064
2761,9607083,9607064
2762,9303099,9209073
2763,0107063,9209073
2764,0110288,9209073
2765,0112029,9209073
2766,0008186,0005087
2767,0009209,0005087
2768,0105229,0005087
2769,0209230,0005087
2770,0008186,9411140
2771,0206039,9411140
2772,9610019,9308153
2773,9403189,9308153
2774,9708160,9308153
2775,0203228,9308153
2776,0206095,9308153
2777,9401026,9308153
2778,9411069,9308153
2779,9411071,9308153
2780,9411159,9308153
2781,9809001,9310070
2782,0102180,9310070
2783,9408143,9310070
2784,9411147,9310070
2785,9809001,9904059
2786,9903176,9809001
2787,9812115,9809001
2788,9904059,9809001
2789,0009013,0004088
2790,0105065,0004088
2791,0009060,9912124
2792,0011222,9912124
2793,9806040,9805176
2794,0208030,9805176
2795,9509151,9303047
2796,9407047,9303047
2797,9503157,9303047
2798,9511185,9303047
2799,9805016,9303047
2800,9509151,9503036
2801,9901043,9809073
2802,0009099,9605161
2803,9412059,9405079
2804,9409079,9405079
2805,9412058,9405079
2806,0009129,9912078
2807,0103254,9912078
2808,0009194,0005158
2809,0104002,0005158
2810,0201047,0005158
2811,0009194,0007116
2812,0201047,0007116
2813,0205228,0007116
2814,0009194,9407112
2815,9509096,9407112
2816,9602068,9407112
2817,0009194,9905103
2818,0009194,9909147
2819,0105260,9909147
2820,0109048,9909147
2821,0210159,9909147
2822,0211010,9909147
2823,0211236,9909147
2824,9407112,9307147
2825,9312144,9307147
2826,9407112,9312144
2827,0009221,0004019
2828,0009221,9909201
2829,0110151,9909201
2830,0204178,9909201
2831,0212260,9909201
2832,0304175,9909201
2833,0304235,9909201
2834,0104189,0003114
2835,0010029,0003114
2836,0101032,0003114
2837,0206039,0003114
2838,0104189,9210115
2839,0012141,9210115
2840,0107063,9210115
2841,9406120,9210115
2842,0112029,9210115
2843,0211280,9210115
2844,0104189,9901046
2845,0009229,9510168
2846,0009229,9610019
2847,0206095,9610019
2848,0009229,9810105
2849,0108173,9810105
2850,9510168,9307056
2851,9507072,9307056
2852,9510168,9411009
2853,9507072,9411009
2854,9510168,9507072
2855,9501075,9312104
2856,9910209,9312104
2857,0103114,9312104
2858,0106287,9312104
2859,9405056,9312104
2860,9501075,9402041
2861,9501075,9402097
2862,0212140,9402097
2863,9501075,9406068
2864,0009250,0005170
2865,0110081,0005170
2866,9910123,9705141
2867,9910123,9908127
2868,0010036,0005187
2869,0105305,0005187
2870,0203056,0005187
2871,0205143,0005187
2872,0010059,0001202
2873,0012146,0001202
2874,0105259,0001202
2875,0109077,0001202
2876,0202110,0001202
2877,0010059,0005279
2878,0202110,0005279
2879,0010102,0004196
2880,0012041,0004196
2881,0107079,0004196
2882,0108064,0004196
2883,0206163,0004196
2884,0206164,0004196
2885,0210145,0004196
2886,0010168,9905079
2887,0012176,9905079
2888,9710069,9602016
2889,0111066,9602016
2890,9605067,9602016
2891,9703019,9602016
2892,0205063,9602016
2893,0212267,9602016
2894,9809073,9602016
2895,9710069,9612255
2896,0012084,9612255
2897,0112263,9612255
2898,9709204,9612255
2899,9710069,9709229
2900,0012084,9709229
2901,0112263,9709229
2902,0011137,0007043
2903,0010264,0007043
2904,0011139,0007043
2905,0012077,0007043
2906,0103013,0007043
2907,0107115,0007043
2908,0106011,0007043
2909,0106180,0007043
2910,0107121,0007043
2911,0109070,0007043
2912,0109162,0007043
2913,0111249,0007043
2914,0203166,0007043
2915,0303256,0007043
2916,0011137,9912238
2917,0105226,9912238
2918,0112220,9912238
2919,0010196,9408133
2920,0103114,9408133
2921,0104254,9408133
2922,0209230,9408133
2923,0010264,9406013
2924,0103013,9406013
2925,9410241,9209054
2926,0203110,9209054
2927,9309036,9209054
2928,9402051,9209054
2929,9402067,9209054
2930,9406186,9209054
2931,9410146,9209054
2932,9410241,9308148
2933,9406157,9308148
2934,9409057,9308148
2935,9410241,9401112
2936,0302120,9401112
2937,9410241,9402067
2938,9607220,9410241
2939,9609002,9410241
2940,9703111,9410241
2941,0103164,9410241
2942,9703111,9609002
2943,9407018,9307009
2944,9407018,9401103
2945,0010277,9701027
2946,9711195,9701027
2947,0010277,9807017
2948,0301148,9807017
2949,9807020,9807017
2950,9807017,9807020
2951,0010281,0010196
2952,0011017,0010196
2953,0102018,0010196
2954,0102198,0010196
2955,0103114,0010196
2956,0104254,0010196
2957,0110071,0010196
2958,0209230,0010196
2959,0212059,0010196
2960,9703129,9505059
2961,0107236,9505059
2962,9507029,9505059
2963,9903262,9505059
2964,9906071,9505059
2965,0011004,9812115
2966,9904059,9812115
2967,9812115,9810189
2968,0011014,0001046
2969,0011017,0006189
2970,0104254,0006189
2971,0011017,0010293
2972,0102122,0010293
2973,0102198,0010293
2974,0105229,0010293
2975,0109098,0010293
2976,0201010,0010293
2977,0302099,0010293
2978,0302226,0010293
2979,9403189,9303034
2980,9702182,9602160
2981,0204039,9602160
2982,9805198,9602160
2983,9702182,9603178
2984,9712249,9603178
2985,9407047,9311132
2986,9503157,9311132
2987,9407047,9403135
2988,9407047,9403168
2989,9411004,9403168
2990,9503157,9410091
2991,9709207,9410091
2992,0011220,0002027
2993,0102018,0002027
2994,0108043,0002027
2995,0209210,0002027
2996,0011220,9206021
2997,0301146,9206021
2998,0011222,0009060
2999,0011253,9610204
3000,9709192,9511037
3001,0012021,0009004
3002,0012021,0011014
3003,0012021,9911100
3004,0106064,9911100
3005,0106284,9911100
3006,0108203,9911100
3007,9911100,9812251
3008,9901031,9812251
3009,9908021,9812251
3010,9911100,9901031
3011,0106284,9901031
3012,0111188,9901031
3013,0202085,9901031
3014,0304111,9901031
3015,9903262,9901031
3016,9906071,9901031
3017,9908021,9901031
3018,9911100,9905178
3019,0107236,9905178
3020,0207057,9905178
3021,0304179,9905178
3022,9908021,9905178
3023,9911100,9908021
3024,0012041,0010102
3025,0107079,0010102
3026,0108064,0010102
3027,0206163,0010102
3028,0206164,0010102
3029,0210145,0010102
3030,0012058,0007208
3031,0103178,0007208
3032,0207040,0007208
3033,0209110,0007208
3034,0012058,9904167
3035,0112141,9904167
3036,9904167,9701097
3037,0012077,9804112
3038,9804112,9608107
3039,9704119,9608107
3040,9704130,9608107
3041,9804112,9704119
3042,0012084,9710069
3043,0112263,9710069
3044,0012094,9804028
3045,0012094,9908151
3046,0012099,0007187
3047,0109219,0007187
3048,0211154,0007187
3049,0012099,0009229
3050,0108173,0009229
3051,0212084,0009229
3052,0012109,9907009
3053,0012141,0010269
3054,0102122,0010269
3055,0105063,0010269
3056,0107162,0010269
3057,0110288,0010269
3058,0204148,0010269
3059,0204157,0010269
3060,0210296,0010269
3061,0012146,0010059
3062,0105259,0010059
3063,0109077,0010059
3064,0202110,0010059
3065,0303056,0010059
3066,0012176,0010168
3067,0012189,0005287
3068,0303162,0005287
3069,9806156,9804143
3070,0205304,9804143
3071,9604142,9407098
3072,0101092,9912217
3073,0101111,0101092
3074,0101130,0101092
3075,0101121,9911059
3076,0212280,9911059
3077,0101130,0101111
3078,0101147,9910209
3079,0101150,9811108
3080,9910235,9811108
3081,9911008,9811108
3082,9912089,9811108
3083,0101161,9710072
3084,0201111,9710072
3085,0105087,0008038
3086,0106194,0008038
3087,0101190,0007150
3088,0109106,0007150
3089,0110020,0007150
3090,0205113,0007150
3091,0101219,0008186
3092,0101219,0011034
3093,0101219,9406095
3094,0107162,9406095
3095,9610081,9605102
3096,9910112,9605102
3097,9611083,9605102
3098,0101224,9401049
3099,9510001,9508084
3100,0102018,0011017
3101,0102122,0011017
3102,0102198,0011017
3103,0104147,0011017
3104,0104254,0011017
3105,0105063,0011017
3106,0105229,0011017
3107,0107063,0011017
3108,0107162,0011017
3109,0108085,0011017
3110,0109098,0011017
3111,0109164,0011017
3112,0110071,0011017
3113,0110288,0011017
3114,0111239,0011017
3115,0112029,0011017
3116,0204157,0011017
3117,0209161,0011017
3118,0210296,0011017
3119,0302099,0011017
3120,0102018,0011220
3121,0102039,0006039
3122,0202101,0006039
3123,0102039,9412124
3124,0202080,9412124
3125,0102039,9812157
3126,0103190,9812157
3127,0108021,9812157
3128,0109008,9812157
3129,9709207,9406078
3130,0112096,9406078
3131,9711058,9406078
3132,0102078,9708100
3133,0102078,9810059
3134,9910121,9810059
3135,0102078,9907171
3136,9708100,9501084
3137,0102111,9903106
3138,0102111,9905228
3139,0102111,9911171
3140,0301200,9911171
3141,0102122,0012141
3142,0102208,0012141
3143,0105286,0012141
3144,0107162,0012141
3145,0112074,0012141
3146,0204157,0012141
3147,0206101,0012141
3148,0209042,0012141
3149,0209148,0012141
3150,0209214,0012141
3151,0304252,0012141
3152,0102134,9904137
3153,0212347,9904137
3154,0102153,0001074
3155,0105197,0001074
3156,0204039,0001074
3157,0210190,0001074
3158,0102153,0005278
3159,0102153,0011209
3160,0212267,0011209
3161,0102167,0010043
3162,0201164,0010043
3163,0203043,0010043
3164,0209042,0010043
3165,0212195,0010043
3166,0102175,9604025
3167,0102180,0004065
3168,0102180,9911110
3169,0102198,0007071
3170,0104254,0007071
3171,9704074,9303026
3172,0111066,9303026
3173,0103013,0010105
3174,0103179,0010105
3175,0201016,0010105
3176,0304037,0010105
3177,0103013,0010264
3178,0103179,0010264
3179,0107115,0010264
3180,0106011,0010264
3181,0109162,0010264
3182,0112220,0010264
3183,0206095,0010264
3184,0103013,0011137
3185,0107115,0011137
3186,0105226,0011137
3187,0108125,0011137
3188,0205063,0011137
3189,0212267,0011137
3190,0103023,9907183
3191,0107099,9907183
3192,0109162,9907183
3193,0103023,9910129
3194,0103206,9910129
3195,0107099,9910129
3196,0111020,9910129
3197,0204170,9910129
3198,0209223,9910129
3199,0103051,0012023
3200,0104119,0012023
3201,0105135,0012023
3202,0109179,0012023
3203,0112158,0012023
3204,0202077,0012023
3205,0201080,0012023
3206,0201108,0012023
3207,0202101,0012023
3208,0212117,0012023
3209,0212276,0012023
3210,0301062,0012023
3211,0103051,0104119
3212,0105135,0104119
3213,0201108,0104119
3214,0202101,0104119
3215,0212276,0104119
3216,0301062,0104119
3217,0302003,0104119
3218,0104119,0007077
3219,0104119,0103051
3220,0105135,0103051
3221,0109008,0103051
3222,0109179,0103051
3223,0112158,0103051
3224,0202077,0103051
3225,0201108,0103051
3226,0212276,0103051
3227,0301062,0103051
3228,0302003,0103051
3229,0103055,9907125
3230,0103063,9606101
3231,0104191,9606101
3232,0103063,9712081
3233,0109223,9712081
3234,0110097,9712081
3235,0208172,9712081
3236,9906233,9712081
3237,0103100,0012041
3238,0105229,0012041
3239,0108064,0012041
3240,0109075,0012041
3241,0204157,0012041
3242,0206163,0012041
3243,0206206,0012041
3244,0209230,0012041
3245,0210145,0012041
3246,9706033,9703183
3247,9411004,9307188
3248,9405167,9307188
3249,9411004,9407047
3250,0103128,0012154
3251,0103130,0001181
3252,0103164,0101219
3253,0107115,0101219
3254,0105286,0101219
3255,0109162,0101219
3256,0103164,9301092
3257,9605133,9301092
3258,9611144,9301092
3259,9508047,9412058
3260,9412099,9412058
3261,0103166,0003224
3262,0201084,0003224
3263,0205137,0003224
3264,0103166,0005045
3265,0206031,0005045
3266,0209027,0005045
3267,0103179,0103013
3268,0106011,0103013
3269,0106044,0103013
3270,0106136,0103013
3271,0107168,0103013
3272,0108125,0103013
3273,0111109,0103013
3274,0201070,0103013
3275,0112185,0103013
3276,0112220,0103013
3277,0201016,0103013
3278,0202039,0103013
3279,0202050,0103013
3280,0203017,0103013
3281,0203095,0103013
3282,0205024,0103013
3283,0205237,0103013
3284,0206095,0103013
3285,0209182,0103013
3286,0103190,0102039
3287,0105164,0102039
3288,0109008,0102039
3289,0112141,0102039
3290,0202080,0102039
3291,0103197,9708160
3292,9708160,9611083
3293,9910112,9611083
3294,0103206,0103023
3295,0107099,0103023
3296,0203110,0103023
3297,0210297,0103023
3298,0103206,0103164
3299,0106056,0103164
3300,0103206,9405180
3301,9405180,9403033
3302,9407195,9403033
3303,0103246,0103254
3304,0103246,9502089
3305,0105041,9502089
3306,0103254,9712232
3307,9712232,9709152
3308,0103263,0005254
3309,0103263,9712121
3310,0110282,9712121
3311,0111144,9712121
3312,0204088,9712121
3313,9510131,9412142
3314,0104008,9205055
3315,0105144,9205055
3316,9711103,9205055
3317,0104008,9901142
3318,0105144,9901142
3319,9902036,9901142
3320,9901142,9809066
3321,9902036,9809066
3322,0104050,0006137
3323,0107168,0006137
3324,0110106,0006137
3325,0201031,0006137
3326,0104079,9801094
3327,9811188,9801094
3328,9905105,9801094
3329,0209052,9801094
3330,0303187,9801094
3331,9812186,9801094
3332,0104079,9811188
3333,9905105,9811188
3334,0209052,9811188
3335,0303187,9811188
3336,0104079,9905105
3337,0112023,9905105
3338,0202035,9905105
3339,9905105,9803242
3340,9812186,9803242
3341,9905105,9803243
3342,0112158,9803243
3343,0202077,9803243
3344,9812186,9803243
3345,0104105,9911011
3346,0203217,9911011
3347,0211102,9911011
3348,0104147,0102198
3349,0104254,0102198
3350,0110071,0102198
3351,0209161,0102198
3352,0104147,0103114
3353,0104254,0103114
3354,0110071,0103114
3355,0212059,0103114
3356,9706190,9207084
3357,9707153,9207084
3358,9707201,9207084
3359,9312075,9207084
3360,0109163,9207084
3361,0201223,9207084
3362,9402070,9207084
3363,9407053,9207084
3364,9211009,9207084
3365,9402060,9207084
3366,9402067,9207084
3367,9402134,9207084
3368,9402142,9207084
3369,9408031,9207084
3370,9411087,9207084
3371,9704118,9207084
3372,9912091,9207084
3373,9706190,9406129
3374,0106056,9406129
3375,9704118,9406129
3376,9706190,9601033
3377,9602094,9601033
3378,9603143,9601033
3379,9704118,9601033
3380,9908118,9601033
3381,9706190,9704118
3382,9707153,9704118
3383,9912091,9704118
3384,9707153,9706190
3385,9707201,9706190
3386,9912091,9706190
3387,9707201,9707153
3388,9912091,9707153
3389,9312075,9206029
3390,9402070,9206029
3391,9404105,9206029
3392,9305118,9206029
3393,9306022,9206029
3394,9307149,9206029
3395,9311095,9206029
3396,9311112,9206029
3397,9312076,9206029
3398,9401127,9206029
3399,9401141,9206029
3400,9402060,9206029
3401,9402134,9206029
3402,9403154,9206029
3403,9404068,9206029
3404,9404110,9206029
3405,9406205,9206029
3406,9408031,9206029
3407,9408170,9206029
3408,9409079,9206029
3409,9411087,9206029
3410,9412029,9206029
3411,9602094,9206029
3412,9603143,9206029
3413,0104191,0103063
3414,0110097,0103063
3415,0110125,0103063
3416,0104240,9212084
3417,0104240,9301075
3418,0105294,9301075
3419,0106287,9301075
3420,0110223,9301075
3421,0205322,9301075
3422,0104254,0104147
3423,0105063,0104147
3424,0105229,0104147
3425,0107063,0104147
3426,0107162,0104147
3427,0109098,0104147
3428,0110071,0104147
3429,0110288,0104147
3430,0111239,0104147
3431,0112029,0104147
3432,0209161,0104147
3433,0210296,0104147
3434,0302099,0104147
3435,9810139,9710140
3436,9906104,9710140
3437,9810139,9807042
3438,0105003,9604008
3439,0105003,9605204
3440,9604008,9605204
3441,0105004,9605204
3442,0110276,9605204
3443,0303094,9605204
3444,9604008,9303132
3445,9406044,9303132
3446,9409079,9303132
3447,0105013,0105013
3448,0303094,0105013
3449,9308086,9303045
3450,9903066,9810034
3451,0105041,0103246
3452,0110240,0103246
3453,0105046,0103197
3454,0106146,0103197
3455,0106259,0103197
3456,0201146,0103197
3457,0105046,9301121
3458,0105046,9607036
3459,0202067,9607036
3460,0105046,9906139
3461,0105063,0102122
3462,0107063,0102122
3463,0107162,0102122
3464,0111239,0102122
3465,0112029,0102122
3466,0105065,0009013
3467,0105078,9609031
3468,0107056,9609031
3469,0210136,9609031
3470,9612081,9609031
3471,0210267,9609031
3472,9910235,9609031
3473,0107115,9907140
3474,0108043,9907140
3475,0209210,9907140
3476,0105107,0103178
3477,0209074,0103178
3478,0209110,0103178
3479,0210190,0103178
3480,0105118,0003239
3481,0207196,0003239
3482,0303146,0003239
3483,0105119,0012123
3484,0109163,0012123
3485,0201223,0012123
3486,0302120,0012123
3487,0105119,0101130
3488,0105127,9911031
3489,0105144,0104008
3490,0209246,0104008
3491,0304077,0104008
3492,0105148,0101034
3493,0211114,0101034
3494,0105164,0103190
3495,0109008,0103190
3496,0112141,0103190
3497,0202080,0103190
3498,0105177,0003217
3499,0208111,0003217
3500,0208202,0003217
3501,0105177,9307007
3502,9307008,9307007
3503,0105177,9509119
3504,9512032,9509119
3505,0105177,9604080
3506,0203192,9604080
3507,9711019,9604080
3508,9307007,9303095
3509,9307008,9303095
3510,9404038,9303095
3511,9307007,9307008
3512,9509119,9302086
3513,9509119,9312016
3514,0105178,0102079
3515,0206093,0102079
3516,0105197,0105164
3517,0202080,0105164
3518,0204039,0105164
3519,0206172,0105164
3520,0105223,0011005
3521,0105229,0009209
3522,0209230,0009209
3523,0303091,0009209
3524,0105229,9503208
3525,0302099,9503208
3526,0105266,9912239
3527,0112104,9912239
3528,0301181,9912239
3529,0105286,0010096
3530,0203043,0010096
3531,0209042,0010096
3532,0105294,0104240
3533,0106287,0104240
3534,0205322,0104240
3535,0105303,0105127
3536,0106136,0105127
3537,0105305,9610081
3538,0203056,9610081
3539,0105316,0104075
3540,0110250,0104075
3541,0112112,0104075
3542,0106011,0103179
3543,0106044,0103179
3544,0107168,0103179
3545,0111109,0103179
3546,0201070,0103179
3547,0112185,0103179
3548,0201016,0103179
3549,0202039,0103179
3550,0203017,0103179
3551,0203095,0103179
3552,0205237,0103179
3553,0209182,0103179
3554,9301062,9309136
3555,9409167,9309136
3556,9311155,9310164
3557,0110259,9310164
3558,9409167,9311082
3559,9604117,9403066
3560,0202121,9403066
3561,0205021,9403066
3562,0106056,0103206
3563,0205128,0103206
3564,0106056,9402069
3565,0106064,0011237
3566,0106284,0011237
3567,0108203,0011237
3568,0106064,0012021
3569,0106064,9703129
3570,0106284,9703129
3571,9901031,9703129
3572,0108203,9703129
3573,0202085,9703129
3574,0208113,9703129
3575,0106066,0105178
3576,0108203,0105178
3577,0208113,0105178
3578,0106066,0106064
3579,0106284,0106064
3580,0108203,0106064
3581,0111188,0106064
3582,0202085,0106064
3583,0207057,0106064
3584,0304111,0106064
3585,0106104,0010281
3586,0112006,0010281
3587,0106104,0101129
3588,0106122,9703111
3589,0106166,0105124
3590,0107190,0105124
3591,0106180,0105087
3592,0203095,0105087
3593,0110057,0106044
3594,0112112,0106044
3595,0205237,0106044
3596,0304136,0106044
3597,0106275,9909145
3598,0208005,9909145
3599,0304120,9909145
3600,9901031,9810080
3601,0106287,0105294
3602,0110223,0105294
3603,0205322,0105294
3604,9805093,9704212
3605,0107033,0005262
3606,0107047,0105140
3607,0107056,0104092
3608,0111243,0104092
3609,0107058,0011150
3610,0107063,0105063
3611,0107162,0105063
3612,0111239,0105063
3613,0112029,0105063
3614,0107063,9406120
3615,0112029,9406120
3616,0107063,9607132
3617,9610096,9607132
3618,9707104,9607132
3619,0107079,0103100
3620,0108064,0103100
3621,0109075,0103100
3622,0206163,0103100
3623,0210145,0103100
3624,0107079,9709192
3625,0107099,0102208
3626,0107100,0104184
3627,0108084,0104184
3628,0110216,0104184
3629,0202064,0104184
3630,0203081,0104184
3631,0210034,0104184
3632,0107121,0011139
3633,0204096,0011139
3634,0107122,0103194
3635,0205256,0103194
3636,0302187,0103194
3637,0107162,0107063
3638,0110288,0107063
3639,0111239,0107063
3640,0112029,0107063
3641,0107168,0106011
3642,0111109,0106011
3643,0201070,0106011
3644,0112185,0106011
3645,0112220,0106011
3646,0201016,0106011
3647,0205237,0106011
3648,0206095,0106011
3649,0107190,0106166
3650,0107190,9811150
3651,0107205,0006118
3652,0107207,9511151
3653,0203027,9511151
3654,0206139,9511151
3655,9908051,9511151
3656,9908207,9511151
3657,9910038,9608056
3658,9910038,9906229
3659,0107236,0101227
3660,0208195,0101227
3661,0107248,0105078
3662,0201047,0105078
3663,0209037,0105078
3664,0108053,0001019
3665,0108054,0003035
3666,0108084,0107100
3667,0110216,0107100
3668,0202064,0107100
3669,0203081,0107100
3670,0210034,0107100
3671,0108085,0108043
3672,0111151,0108043
3673,0209210,0108043
3674,0108159,9609045
3675,9905088,9609045
3676,9612097,9609045
3677,9801069,9609045
3678,0108159,9905088
3679,0108244,0009104
3680,0109003,0106144
3681,0110176,0106144
3682,0110278,0106144
3683,0205191,0106144
3684,0207040,0106144
3685,0302197,0106144
3686,0303166,0106144
3687,0109007,0109006
3688,0109008,0105135
3689,0109179,0105135
3690,0112158,0105135
3691,0202077,0105135
3692,0202101,0105135
3693,0209213,0105135
3694,0212117,0105135
3695,0212276,0105135
3696,0301062,0105135
3697,0302004,0105135
3698,0109009,9408109
3699,0202031,9408109
3700,9910112,9408109
3701,9605102,9408109
3702,9611083,9408109
3703,0109028,0105303
3704,0201203,0105303
3705,0109048,0105260
3706,0211010,0105260
3707,0109075,0108064
3708,0206163,0108064
3709,0206164,0108064
3710,0210145,0108064
3711,9809007,9801175
3712,0109077,0105259
3713,9903198,9811223
3714,9811252,9811223
3715,0109111,0107033
3716,0209139,0107033
3717,0109111,0109070
3718,0209139,0109070
3719,0303256,0109070
3720,0109115,0104079
3721,0209052,0104079
3722,0303187,0104079
3723,0109118,0012269
3724,0112057,0012269
3725,0212019,0012269
3726,0109141,0006050
3727,0109141,0011081
3728,0109162,0006119
3729,0110134,0006119
3730,0109162,0101216
3731,0109162,0107115
3732,0112092,0107115
3733,0203166,0107115
3734,0109164,0104254
3735,0110071,0104254
3736,0212059,0104254
3737,9809052,9510001
3738,9809052,9612252
3739,9701066,9612252
3740,9809052,9701109
3741,0201047,9701109
3742,9809052,9712249
3743,0109215,0106180
3744,0112049,0106180
3745,0204096,0106180
3746,0109215,0107099
3747,0111020,0107099
3748,0203110,0107099
3749,0204170,0107099
3750,0109215,9907049
3751,0109219,0108236
3752,0111157,0108236
3753,0202067,0108236
3754,0203242,0108236
3755,0204148,0108236
3756,0109223,0104104
3757,0109223,0108214
3758,0301152,0108214
3759,0110020,0007008
3760,0112069,0007008
3761,0205113,0007008
3762,0303094,0007008
3763,0110020,0101190
3764,0205113,0101190
3765,0110020,0109106
3766,0205113,0109106
3767,0110071,9711036
3768,0110097,0109223
3769,0110105,9904182
3770,0110106,0104050
3771,0201031,0104050
3772,0110125,0110097
3773,0208172,0110097
3774,0110170,9902066
3775,0110242,9902066
3776,0110176,0109003
3777,0110278,0109003
3778,0205191,0109003
3779,0302197,0109003
3780,0303166,0109003
3781,0110179,0105119
3782,0110216,0108084
3783,0202064,0108084
3784,0203081,0108084
3785,0210034,0108084
3786,0110220,0012127
3787,0210149,0012127
3788,0110250,9611034
3789,0112112,9611034
3790,9611034,9607194
3791,9611091,9607194
3792,9611034,9607195
3793,9611091,9607195
3794,9611034,9607196
3795,9611091,9607196
3796,0110259,0106122
3797,0110259,9311155
3798,0204148,9311155
3799,0110266,9803101
3800,0303069,9803101
3801,0304099,9803101
3802,0110276,0010107
3803,0111011,0010107
3804,0210164,0010107
3805,0304136,0010107
3806,0110278,0110176
3807,0205191,0110176
3808,0110284,0105316
3809,0111166,0105316
3810,0112112,0105316
3811,0211068,0105316
3812,0110284,0110250
3813,0111045,0110250
3814,0111166,0110250
3815,0112112,0110250
3816,0211068,0110250
3817,0110288,0107162
3818,0111239,0107162
3819,0112029,0107162
3820,0110288,0110071
3821,0111239,0110071
3822,0112029,0110071
3823,0209161,0110071
3824,0111011,0009108
3825,0111014,0105040
3826,0111066,0108110
3827,0112096,0108110
3828,0203192,0108110
3829,0301121,0108110
3830,0304099,0108110
3831,0111066,9704074
3832,0111066,9812172
3833,0111109,0110057
3834,0111200,0110057
3835,0201070,0110057
3836,0112141,0110057
3837,0201228,0110057
3838,0205237,0110057
3839,0111109,0110134
3840,0111114,0110266
3841,0111114,9402126
3842,0111144,0110282
3843,0111144,9803129
3844,0111151,0106194
3845,0201010,0106194
3846,0204199,0106194
3847,0205233,0106194
3848,0206101,0106194
3849,0206139,0106194
3850,0209210,0106194
3851,0111151,0108085
3852,0209210,0108085
3853,0111157,0106182
3854,0203242,0106182
3855,0209048,0106182
3856,0301215,0106182
3857,0111157,0107001
3858,0203242,0107001
3859,0204148,0107001
3860,0209048,0107001
3861,0301215,0107001
3862,0111166,0110284
3863,0211068,0110284
3864,0111188,0108203
3865,0202085,0108203
3866,0304111,0108203
3867,0111200,0201070
3868,0202077,0201070
3869,0205024,0201070
3870,0212117,0201070
3871,0201070,0002233
3872,0201228,0002233
3873,0211119,0002233
3874,0212117,0002233
3875,0201070,0006006
3876,0201070,0109162
3877,0112092,0109162
3878,0112185,0109162
3879,0202039,0109162
3880,0203166,0109162
3881,0205024,0109162
3882,0302162,0109162
3883,0303080,0109162
3884,0303256,0109162
3885,0201070,0111200
3886,0111249,0111200
3887,0202077,0111200
3888,0205024,0111200
3889,0211070,0111200
3890,0201070,0111249
3891,0202077,0111249
3892,0205024,0111249
3893,0212117,0111249
3894,9510210,9404110
3895,9510210,9503041
3896,0303086,9503041
3897,0111239,0110288
3898,0112029,0110288
3899,0111239,9310038
3900,0112029,9310038
3901,0111239,9704159
3902,0111239,9709147
3903,9704159,9401060
3904,0111243,0107056
3905,0112006,0106104
3906,0302226,0106104
3907,0112023,0109115
3908,0211114,0109115
3909,0112029,0111239
3910,0112030,0006229
3911,0112049,0009221
3912,0304235,0009221
3913,0112049,0110151
3914,0204178,0110151
3915,0304235,0110151
3916,0112049,0112049
3917,0204178,0112049
3918,0304235,0112049
3919,0112049,9909206
3920,0204178,9909206
3921,9408006,9306036
3922,9408006,9405138
3923,9411241,9405138
3924,0112096,9709207
3925,9711058,9709207
3926,0112104,0110158
3927,0204148,0110158
3928,9801079,9710079
3929,0112158,0202077
3930,0212117,0202077
3931,0112148,0101142
3932,0210201,0101142
3933,0112148,0103010
3934,0203137,0103010
3935,0205304,0103010
3936,0202077,0112158
3937,0201108,0112158
3938,0212117,0112158
3939,0301062,0112158
3940,0202077,0201080
3941,0209110,0201080
3942,0301062,0201080
3943,0302003,0201080
3944,0202077,0204224
3945,0112163,9212007
3946,0203110,9212007
3947,9402070,9212007
3948,0303187,9212007
3949,9309036,9212007
3950,9312139,9212007
3951,9402024,9212007
3952,9402060,9212007
3953,9402067,9212007
3954,9403154,9212007
3955,9406186,9212007
3956,9702013,9212007
3957,0112245,9906066
3958,0212149,9906066
3959,0112263,0012084
3960,9406068,9308132
3961,0201080,0103054
3962,0201080,0109008
3963,0201108,0109008
3964,0202101,0109008
3965,0209110,0109008
3966,0301062,0109008
3967,0201081,0110242
3968,0202111,0110242
3969,0211089,0110242
3970,0303060,0110242
3971,0303212,0110242
3972,0201090,0112011
3973,0210188,0112011
3974,0201108,0105177
3975,0208202,0105177
3976,0201134,0201045
3977,0203169,0201045
3978,0206093,0201045
3979,0201156,0108063
3980,0301057,0108063
3981,0201164,0102167
3982,0201167,9211141
3983,9612242,9211141
3984,0304095,9211141
3985,9906060,9806002
3986,9806019,9806002
3987,9810233,9806002
3988,9907130,9806002
3989,9906060,9806019
3990,9907130,9806019
3991,0201196,0109111
3992,0209139,0109111
3993,0303256,0109111
3994,0201219,0107089
3995,0201223,0109163
3996,0202031,0109009
3997,0212084,0109009
3998,0202031,0110165
3999,0212084,0110165
4000,0202039,0106136
4001,0202039,0112185
4002,0202050,0112185
4003,0202050,0107168
4004,0203017,0107168
4005,0202059,0001048
4006,0210121,0001048
4007,0202064,0006027
4008,0203081,0006027
4009,0202064,0110216
4010,0203081,0110216
4011,0210034,0110216
4012,0202067,0106105
4013,0204148,0106105
4014,0207177,0106105
4015,9811222,9707221
4016,0202074,0109021
4017,0207177,0109021
4018,0202085,0106066
4019,0202101,0109179
4020,0212276,0109179
4021,0202110,0011161
4022,0202110,0012146
4023,0202110,0201157
4024,0202111,0201081
4025,0211089,0201081
4026,0303060,0201081
4027,0303212,0201081
4028,9403066,9302084
4029,0202128,0109098
4030,0209098,0109098
4031,0210296,0109098
4032,0302226,0109098
4033,0202135,0104105
4034,0202161,0003046
4035,0203043,0105286
4036,0209042,0105286
4037,0209148,0105286
4038,0203043,0201164
4039,0209042,0201164
4040,0301121,0201164
4041,0203056,0105305
4042,0205143,0105305
4043,0203081,0202064
4044,0210034,0202064
4045,0203085,0005161
4046,0203085,0104220
4047,0203085,9810202
4048,0203095,0201016
4049,0209182,0201016
4050,0210162,0201016
4051,0304037,0201016
4052,0203110,0102074
4053,0203137,0112148
4054,0203137,0201084
4055,0205137,0201084
4056,0203179,0012242
4057,0303121,0012242
4058,0203242,0105239
4059,0301215,0105239
4060,0204039,0102153
4061,0205063,0102153
4062,0204039,0105197
4063,0204081,0108170
4064,0204088,0103263
4065,0208016,0103263
4066,0204096,0107121
4067,0204124,0107193
4068,0204183,0107193
4069,0210216,0107193
4070,0212169,0107193
4071,0303056,0107193
4072,0204124,9211111
4073,0204183,9211111
4074,9212076,9211111
4075,0212169,9211111
4076,9211126,9211111
4077,9403130,9211111
4078,0204148,9305080
4079,9405099,9305080
4080,0204148,9405183
4081,0204148,9408064
4082,0204170,0111020
4083,0204170,9403109
4084,0204178,9605067
4085,9703019,9605067
4086,9605213,9605067
4087,9611220,9605067
4088,9611221,9605067
4089,9707032,9605067
4090,0204178,9703019
4091,0212267,9703019
4092,9707032,9703019
4093,9703019,9612186
4094,9707032,9612186
4095,0204183,0204124
4096,0212169,0204124
4097,0204183,9704079
4098,0212169,9704079
4099,0204183,9901043
4100,0204246,0001188
4101,0205215,0001188
4102,0212051,0001188
4103,0204246,0201167
4104,0205005,0205004
4105,0205021,0202121
4106,0205053,0108208
4107,0205063,0105226
4108,0205063,9609114
4109,0212267,9609114
4110,9809073,9609114
4111,0205113,0110020
4112,0209144,0110020
4113,0205114,0205021
4114,0205126,9404046
4115,0205143,0203056
4116,0205168,0201031
4117,0205168,9707082
4118,9806135,9707082
4119,9708010,9707082
4120,0205168,9806135
4121,9806135,9708010
4122,0205191,0110278
4123,0302197,0110278
4124,0303166,0110278
4125,0205199,9910038
4126,0205215,0005229
4127,0304095,0005229
4128,0205215,0204246
4129,0210159,0204246
4130,0212051,0204246
4131,0205215,9304063
4132,9612242,9304063
4133,0304095,9304063
4134,0205224,0205224
4135,0205228,0201047
4136,0205232,0001155
4137,0205233,0011109
4138,0210032,0011109
4139,0205233,9805026
4140,0205233,9909120
4141,0209230,9909120
4142,0212195,9909120
4143,0205276,9703035
4144,0205307,0010277
4145,0205322,0106287
4146,0205322,0108213
4147,0206022,0001156
4148,0206039,0101032
4149,0206093,0103144
4150,0206095,0112220
4151,0206101,0106110
4152,0303080,0106110
4153,0206101,0107207
4154,0206139,0107207
4155,0206101,0204199
4156,0206101,0205233
4157,0206139,0205233
4158,0206163,0109075
4159,0206164,0109075
4160,0206206,0109075
4161,0210145,0109075
4162,0206164,0005096
4163,0206172,0204039
4164,0206172,0206172
4165,0206206,0206163
4166,0210145,0206163
4167,0206206,0206164
4168,0210145,0206164
4169,0206215,9806035
4170,0207040,0012058
4171,0207040,0109022
4172,0208132,0109022
4173,0303166,0109022
4174,0207057,0107236
4175,0207057,9910243
4176,0207081,0105152
4177,0207096,9403021
4178,9609205,9403021
4179,0207096,9412075
4180,0207133,0112055
4181,0212308,0112055
4182,0207176,0106124
4183,0207176,0208111
4184,0208202,0208111
4185,0207176,0208202
4186,0208111,0207176
4187,0208202,0207176
4188,0208202,0104002
4189,0208147,0104002
4190,0303263,0104002
4191,0208202,0111053
4192,0208202,9506215
4193,0207177,0111230
4194,0207177,0202067
4195,0207196,0105118
4196,0303146,0105118
4197,0207232,0202047
4198,0207233,9310140
4199,9404052,9310140
4200,9412083,9310140
4201,0207233,9404052
4202,0207233,9406098
4203,0207233,9412083
4204,0207273,0105046
4205,0207273,0106146
4206,0207273,0106259
4207,0208001,0205307
4208,0208005,0106275
4209,0304120,0106275
4210,0208005,0112023
4211,0304120,0112023
4212,0208005,9306089
4213,0304120,9306089
4214,9808083,9306089
4215,0208016,0204088
4216,0208030,0203217
4217,9907160,9806013
4218,9907160,9905114
4219,9411200,9304074
4220,9411200,9311114
4221,9409161,9311114
4222,9411200,9409161
4223,0208107,0110170
4224,0208108,0110170
4225,0208107,0208108
4226,0208108,0208107
4227,0208132,0207040
4228,0303166,0207040
4229,0208132,9612242
4230,9612242,9401165
4231,0208147,9810220
4232,0303263,9810220
4233,0208181,0103134
4234,9506215,9303111
4235,9506215,9411203
4236,0208221,0107266
4237,0209027,0206031
4238,0209037,0005130
4239,0209037,0107248
4240,0209042,0203043
4241,0209048,0111157
4242,0209052,9703085
4243,0303187,9703085
4244,0209071,9212076
4245,0209074,0105107
4246,0210190,0105107
4247,0209098,0111161
4248,0212042,0111161
4249,0302226,0111161
4250,0209134,9903192
4251,0209223,0005199
4252,0209139,0005199
4253,0303256,0005199
4254,0209139,0201196
4255,0303256,0201196
4256,0209144,0205113
4257,0209147,0112092
4258,0209148,0204157
4259,0209148,0206101
4260,0209148,0209042
4261,9702144,9606077
4262,0209177,9811181
4263,0209182,0203095
4264,0304037,0203095
4265,0209210,0111151
4266,0209213,0105223
4267,0212276,0105223
4268,0209214,0209148
4269,0209230,0002227
4270,0211230,0002227
4271,0209246,0105144
4272,0210032,0201146
4273,0304120,0201146
4274,0210043,0209098
4275,0210296,0209098
4276,0211147,0209098
4277,0212042,0209098
4278,0304120,0209098
4279,0210087,0006243
4280,0210121,0202059
4281,0210123,0210124
4282,0210124,0210123
4283,0210124,9905005
4284,0210136,9612081
4285,0210267,9612081
4286,9505047,9401167
4287,0210267,9401167
4288,9403197,9401167
4289,0210145,0107079
4290,0210145,0206206
4291,0210145,0207096
4292,0210149,0110220
4293,0210159,0109048
4294,0211010,0109048
4295,0211236,0109048
4296,0210188,0012209
4297,0210188,0201090
4298,0210190,0209074
4299,0210215,9707069
4300,0210216,0204183
4301,0212169,0204183
4302,0210242,0210143
4303,0210267,9403197
4304,0210267,9511118
4305,0211010,0210159
4306,0212051,0210159
4307,0211068,0111045
4308,0211068,0111122
4309,0211068,0112112
4310,0211070,0205024
4311,0211089,0202111
4312,0303212,0202111
4313,0211102,0201111
4314,0211118,0201111
4315,0212307,0201111
4316,0211102,0205050
4317,0211118,0205050
4318,0212008,0205050
4319,0212307,0205050
4320,0302158,0205050
4321,0211102,0210043
4322,0212042,0210043
4323,0212307,0210043
4324,0211118,0208030
4325,0211118,0211102
4326,0212008,0211102
4327,0212307,0211102
4328,0302158,0211102
4329,0211148,0012077
4330,0303256,0012077
4331,0211153,0204003
4332,0301134,0204003
4333,0302002,0204003
4334,0211153,0206008
4335,0301134,0206008
4336,0302002,0206008
4337,0211154,0111252
4338,0212006,0111252
4339,0211236,0210047
4340,0303161,0210047
4341,0212006,0007045
4342,0212006,0211154
4343,0212006,9304042
4344,9712249,9304042
4345,9912091,9304042
4346,0212006,9910112
4347,9912173,9910112
4348,0212006,9912173
4349,0212008,0211089
4350,0212008,0211118
4351,0212307,0211118
4352,0302158,0211118
4353,0212008,9902034
4354,0302158,9902034
4355,0212019,0112057
4356,0212049,0001210
4357,0212051,0205215
4358,0304095,0205215
4359,0212059,0209230
4360,0212076,0212075
4361,0212084,0201156
4362,0301057,0201156
4363,0212149,0207121
4364,0212189,0201036
4365,9303111,9211137
4366,9212150,9211137
4367,9303111,9212150
4368,0212267,0205063
4369,0212276,0202101
4370,0212318,0209048
4371,0212347,0102134
4372,0301017,9612210
4373,0301064,0210015
4374,0301107,0202085
4375,0301107,0208113
4376,0301108,0107205
4377,0301121,0101224
4378,0301121,9312031
4379,0301134,0211153
4380,0301143,9212022
4381,0301143,9306154
4382,0301146,9801126
4383,0303059,9801126
4384,0303148,9801126
4385,0301152,0208189
4386,0301181,0105266
4387,0301181,0204148
4388,0303027,0204148
4389,0301200,0102111
4390,0301215,0203242
4391,0302003,0301062
4392,0302120,0205128
4393,9410147,9310071
4394,0302158,0212008
4395,0302158,0212307
4396,0302162,0203166
4397,0302187,0007199
4398,0302187,0205256
4399,0302187,9610221
4400,9805100,9610221
4401,9610221,9606089
4402,0302197,0205191
4403,0303166,0205191
4404,0302227,0211055
4405,0303056,0012189
4406,0303162,0012189
4407,0303058,9811076
4408,0303059,0301146
4409,0303148,0301146
4410,9812251,9606175
4411,0303069,0209071
4412,0304099,0209071
4413,0303091,0105229
4414,0303094,0112069
4415,0303121,0203179
4416,0303146,0109141
4417,0303146,0207196
4418,0303146,9803160
4419,0303148,0303059
4420,0303162,9904206
4421,0303166,0208132
4422,0303187,0209052
4423,0303218,9611092
4424,0303218,9701175
4425,0303256,0209139
4426,0303256,0211148
4427,0303263,0208147
4428,0304037,0210297
4429,0304063,0202035
4430,0304077,0209246
4431,0304095,0209087
4432,0304095,0212051
4433,0304099,0303069
4434,0304120,0208005
4435,0304120,9804108
4436,0304175,9910085
4437,9910085,9311094
4438,0304190,9309017
4439,0304235,0304175
4440,0304252,0112074
4441,9309136,9207041
4442,9305045,9207041
4443,9302092,9301062
4444,9309102,9301062
4445,9311082,9301062
4446,9305051,9301091
4447,9305101,9302092
4448,9305101,9305051
4449,9307008,9303096
4450,9311041,9303096
4451,9409079,9303096
4452,9309102,9309063
4453,9311082,9309063
4454,9311041,9304143
4455,9401101,9302042
4456,9401101,9302043
4457,9402060,9208010
4458,9402076,9303161
4459,9402094,9303161
4460,9403011,9211105
4461,9403130,9212105
4462,9403154,9311096
4463,9404068,9311096
4464,9404110,9311096
4465,9406205,9311096
4466,9403154,9401127
4467,9404068,9401127
4468,9404110,9401127
4469,9406205,9401127
4470,9403154,9402024
4471,9403178,9402011
4472,9404137,9401067
4473,9405050,9402130
4474,9405056,9401130
4475,9405079,9311075
4476,9405099,9402138
4477,9406186,9209060
4478,9406186,9309036
4479,9406194,9404038
4480,9603105,9404038
4481,9607031,9404038
4482,9406205,9305176
4483,9406205,9404068
4484,9407138,9312196
4485,9409079,9211009
4486,9409079,9305180
4487,9409079,9307032
4488,9409090,9407124
4489,9410202,9407179
4490,9411006,9407195
4491,9605133,9407195
4492,9411006,9409058
4493,9411038,9405131
4494,9411038,9405150
4495,9411038,9408173
4496,9703222,9408173
4497,9411098,9305183
4498,9411241,9408006
4499,9412153,9403093
4500,9603143,9403093
4501,9502005,9405064
4502,9504136,9407142
4503,9509039,9506167
4504,9608002,9506167
4505,9509120,9505017
4506,9605052,9505017
4507,9510010,9305145
4508,9603091,9512164
4509,9603114,9405097
4510,9603121,9410199
4511,9603143,9401085
4512,9604131,9503198
4513,9703091,9503198
4514,9605052,9509120
4515,9606077,9508093
4516,9606089,9512128
4517,9610080,9512128
4518,9707173,9512128
4519,9805100,9512128
4520,9608002,9509039
4521,9608107,9602068
4522,9610096,9607133
4523,9707104,9607133
4524,9610114,9203011
4525,9610184,9601032
4526,9611144,9605133
4527,9612173,9510096
4528,9612239,9507075
4529,9705012,9507075
4530,9612252,9611216
4531,9701066,9611216
4532,9709204,9611216
4533,9910253,9611216
4534,9701079,9404007
4535,9702181,9612026
4536,9703091,9604131
4537,9704118,9511013
4538,9704118,9602094
4539,9912091,9602094
4540,9704130,9609191
4541,9705012,9612239
4542,9705051,9609060
4543,9705086,9704181
4544,9705204,9610114
4545,9706080,9611185
4546,9706118,9404010
4547,9706160,9609205
4548,9908051,9609205
4549,9707104,9610096
4550,9707173,9610080
4551,9805100,9610080
4552,9709183,9707173
4553,9709204,9706147
4554,9710118,9704130
4555,9710164,9709070
4556,9804150,9306050
4557,9908051,9306050
4558,9806013,9612082
4559,9807001,9407017
4560,9807001,9711019
4561,9902089,9711019
4562,9807042,9707181
4563,9807047,9807048
4564,9807048,9807047
4565,9808118,9808103
4566,9808170,9704138
4567,9809058,9807201
4568,9811136,9803201
4569,9903179,9903171
4570,9905060,9903171
4571,9905060,9903179
4572,9905102,9812179
4573,9906071,9811233
4574,9908021,9811233
4575,9906104,9706080
4576,9908051,9706080
4577,9906104,9810139
4578,9906150,9810233
4579,9907130,9810233
4580,9906205,9808118
4581,9907130,9906060
4582,9907147,9812106
4583,9908021,9906071
4584,9908051,9804150
4585,9908118,9907104
4586,9911008,9910235
4587,9912089,9910235
4588,9911175,9903220
4589,9911232,9601051
